protein_id,length,encdec_vs_enccnn_identity,encdec_seq_recovery_vs_AFDB,enccnn_seq_recovery_vs_AFDB
P01308,110,0.2545454545454545,0.15454545454545454,0.17272727272727273
A0A6G0XC32,163,0.44171779141104295,0.31901840490797545,0.2822085889570552
P04637,393,0.19083969465648856,0.5292620865139949,0.183206106870229
P0DTC9,419,0.22911694510739858,0.13126491646778043,0.14558472553699284
P00533,1211,0.20578512396694215,0.3066115702479339,0.2603305785123967
