protein_id,length,enc_cnn,enc_dec,speedup_enc_cnn_over_enc_dec
P01308,110,0.02941013899999234,6.121367632999977,208.13800414209436
A0A6G0XC32,163,0.03624647599997388,8.18064394999999,225.69487720698376
P04637,393,0.12248529100020278,19.46041521899997,158.87960962567948
P0DTC9,419,0.12569972500000404,21.721230904999857,172.80253321953694
P00533,1210,0.5875110760000553,60.80458488299996,103.49521458722974
