protein_id,length,drafter,K,replicate_index,t_encdec,t_encdec_std,t_hf,t_hf_std,speedup,speedup_std,hf_ok,source_root,source_file
P02798,61,PA,-1,1,2.566284996000036,0.3397567767631816,0.735416430999976,0.118492346043373,3.1819980516651056,0.2202551551710156,True,folding_spec_dec_results,folding_spec_dec_results/PA/folding_spec_dec_results.csv
P02798,61,PA,1,1,2.0757386549998955,0.1158280744577357,1.3712765730001593,0.1837768179381526,1.5137272056347268,0.0930498096188128,True,folding_spec_dec_results,folding_spec_dec_results/PA/folding_spec_dec_results.csv
P02798,61,PA,1,2,2.155257584999162,0.2787591026026383,1.3800646930003495,0.156822447295341,1.5714373851642809,0.0451121619537374,True,folding_spec_dec_results,folding_spec_dec_results/PA/folding_spec_dec_results.csv
P02798,61,PA,1,3,2.2440204949999725,0.1853887605713767,1.4747467159999132,0.2169573358118874,1.5191202432893904,0.0761709899350323,True,folding_spec_dec_results,folding_spec_dec_results/PA/folding_spec_dec_results.csv
P02798,61,PA,4,1,2.0757386549998955,0.1158280744577357,0.6558161749999272,0.1103541739239383,3.165122688534064,0.2663789263509982,True,folding_spec_dec_results,folding_spec_dec_results/PA/folding_spec_dec_results.csv
P02798,61,PA,4,2,2.155257584999162,0.2787591026026383,0.6554397989993959,0.0043890684305472,3.2882616958710944,0.4403473884922126,True,folding_spec_dec_results,folding_spec_dec_results/PA/folding_spec_dec_results.csv
P02798,61,PA,4,3,2.2440204949999725,0.1853887605713767,0.8054931299999453,0.0802229355885423,2.9224871560182084,0.1658275953341248,True,folding_spec_dec_results,folding_spec_dec_results/PA/folding_spec_dec_results.csv
P02798,61,PA,8,1,2.0757386549998955,0.1158280744577357,0.4130964109999695,0.0176965647647798,5.092441248939967,0.0757692057163738,True,folding_spec_dec_results,folding_spec_dec_results/PA/folding_spec_dec_results.csv
P02798,61,PA,8,2,2.155257584999162,0.2787591026026383,0.4162421990004077,0.0084739344957095,4.991929084870788,0.6924268520975534,True,folding_spec_dec_results,folding_spec_dec_results/PA/folding_spec_dec_results.csv
P02798,61,PA,8,3,2.2440204949999725,0.1853887605713767,0.5937709610000184,0.0845232864759235,4.075417750184961,0.531870741834031,True,folding_spec_dec_results,folding_spec_dec_results/PA/folding_spec_dec_results.csv
P02798,61,PA,12,1,2.0757386549998955,0.1158280744577357,0.3899452089999613,0.0517571761219877,5.323154656325324,0.7878678991493221,True,folding_spec_dec_results,folding_spec_dec_results/PA/folding_spec_dec_results.csv
P02798,61,PA,12,2,2.155257584999162,0.2787591026026383,0.3945186060000196,0.0035269888195133,5.463006185819929,0.7539814928729965,True,folding_spec_dec_results,folding_spec_dec_results/PA/folding_spec_dec_results.csv
P02798,61,PA,12,3,2.2440204949999725,0.1853887605713767,0.4260348120000117,0.0465433522629034,5.267223315544249,0.7938351633049413,True,folding_spec_dec_results,folding_spec_dec_results/PA/folding_spec_dec_results.csv
P02798,61,PU,-1,1,2.3545677770000566,0.3340825369913069,0.626316332999977,0.0049884158758174,3.815778197864526,0.5271666247925751,True,folding_spec_dec_results,folding_spec_dec_results/PU/folding_spec_dec_results.csv
P02798,61,PU,1,1,2.0551603690000775,0.0185340795115127,1.4347471669998413,0.2160670665175747,1.425290795503826,0.1781225762246454,True,folding_spec_dec_results,folding_spec_dec_results/PU/folding_spec_dec_results.csv
P02798,61,PU,1,2,2.283184677000463,0.218181085790825,1.401241252999171,0.016278594774972,1.5998677315607557,0.1574020851153056,True,folding_spec_dec_results,folding_spec_dec_results/PU/folding_spec_dec_results.csv
P02798,61,PU,1,3,2.7643376720000106,0.3208252678606568,1.5216494479999485,0.0091468077714867,1.8179206188932076,0.2018471592803792,True,folding_spec_dec_results,folding_spec_dec_results/PU/folding_spec_dec_results.csv
P02798,61,PU,4,1,2.0551603690000775,0.0185340795115127,0.713780725000106,0.1106784987330826,2.8788455251466947,0.3454644669174878,True,folding_spec_dec_results,folding_spec_dec_results/PU/folding_spec_dec_results.csv
P02798,61,PU,4,2,2.283184677000463,0.218181085790825,0.7427985179992902,0.0083067535938395,3.0184659489645544,0.2976271187951499,True,folding_spec_dec_results,folding_spec_dec_results/PU/folding_spec_dec_results.csv
P02798,61,PU,4,3,2.7643376720000106,0.3208252678606568,0.7817252859999826,0.0006325754476013,3.5324197534762467,0.4115162699914089,True,folding_spec_dec_results,folding_spec_dec_results/PU/folding_spec_dec_results.csv
P02798,61,PU,8,1,2.0551603690000775,0.0185340795115127,0.5467901639999582,0.0750501484794949,3.8007013071900824,0.4149444783453763,True,folding_spec_dec_results,folding_spec_dec_results/PU/folding_spec_dec_results.csv
P02798,61,PU,8,2,2.283184677000463,0.218181085790825,0.5820509020004465,0.0787738892816339,3.996073050388621,0.6221664834971701,True,folding_spec_dec_results,folding_spec_dec_results/PU/folding_spec_dec_results.csv
P02798,61,PU,8,3,2.7643376720000106,0.3208252678606568,0.5825156309999784,0.0097720708686946,4.7686265763588915,0.607569451329582,True,folding_spec_dec_results,folding_spec_dec_results/PU/folding_spec_dec_results.csv
P02798,61,PU,12,1,2.0551603690000775,0.0185340795115127,0.4684425139998893,0.0838636049766316,4.433640133451122,0.5883054060318486,True,folding_spec_dec_results,folding_spec_dec_results/PU/folding_spec_dec_results.csv
P02798,61,PU,12,2,2.283184677000463,0.218181085790825,0.5233904659999098,0.0481546607960766,4.207798095428795,0.6541367585143811,True,folding_spec_dec_results,folding_spec_dec_results/PU/folding_spec_dec_results.csv
P02798,61,PU,12,3,2.7643376720000106,0.3208252678606568,0.530165358999966,0.0750580939717082,5.3215420057341545,1.0577908211353957,True,folding_spec_dec_results,folding_spec_dec_results/PU/folding_spec_dec_results.csv
Q941C7,75,PA,-1,1,3.4297105069999816,0.1987517057952422,1.635245570000052,0.2033193559991468,1.9350470763800656,0.196010675086518,True,folding_spec_dec_results,folding_spec_dec_results/PA/folding_spec_dec_results.csv
Q941C7,75,PA,1,1,2.5339508170000045,0.2602719123493546,1.695115787999839,0.0209437092352715,1.4948541184847044,0.1742053771394112,True,folding_spec_dec_results,folding_spec_dec_results/PA/folding_spec_dec_results.csv
Q941C7,75,PA,1,2,3.3575529700001425,0.4028561990857874,1.793953543000498,0.0874215804908834,1.7064140776190977,0.2179002800257151,True,folding_spec_dec_results,folding_spec_dec_results/PA/folding_spec_dec_results.csv
Q941C7,75,PA,1,3,2.8131018520000453,0.1176172523183198,2.4244320609999477,0.2674236827961633,1.206945922359357,0.1566302505472246,True,folding_spec_dec_results,folding_spec_dec_results/PA/folding_spec_dec_results.csv
Q941C7,75,PA,4,1,2.5339508170000045,0.2602719123493546,0.8496758180003781,0.0160769601698357,3.0328532690622914,0.3209958641220456,True,folding_spec_dec_results,folding_spec_dec_results/PA/folding_spec_dec_results.csv
Q941C7,75,PA,4,2,3.3575529700001425,0.4028561990857874,0.8646298660005414,0.0172502690372205,3.8774031063297105,0.4227605948812902,True,folding_spec_dec_results,folding_spec_dec_results/PA/folding_spec_dec_results.csv
Q941C7,75,PA,4,3,2.8131018520000453,0.1176172523183198,1.160418097000047,0.118774158359765,2.5861839364263757,0.309616231880568,True,folding_spec_dec_results,folding_spec_dec_results/PA/folding_spec_dec_results.csv
Q941C7,75,PA,8,1,2.5339508170000045,0.2602719123493546,0.8400464240003203,0.0790358740924093,3.016441406813296,0.7283369681499564,True,folding_spec_dec_results,folding_spec_dec_results/PA/folding_spec_dec_results.csv
Q941C7,75,PA,8,2,3.3575529700001425,0.4028561990857874,0.7181154090003474,0.0138817197627669,4.781910772834778,0.569137773099734,True,folding_spec_dec_results,folding_spec_dec_results/PA/folding_spec_dec_results.csv
Q941C7,75,PA,8,3,2.8131018520000453,0.1176172523183198,0.76505710299989,0.1397015914287895,3.79731786130487,0.5998485654058877,True,folding_spec_dec_results,folding_spec_dec_results/PA/folding_spec_dec_results.csv
Q941C7,75,PA,12,1,2.5339508170000045,0.2602719123493546,0.7896718409997447,0.092305190621475,3.1748671800502613,0.9046155253065598,True,folding_spec_dec_results,folding_spec_dec_results/PA/folding_spec_dec_results.csv
Q941C7,75,PA,12,2,3.3575529700001425,0.4028561990857874,0.698558649000006,0.0498936166085568,5.00229794306015,0.8276325106917047,True,folding_spec_dec_results,folding_spec_dec_results/PA/folding_spec_dec_results.csv
Q941C7,75,PA,12,3,2.8131018520000453,0.1176172523183198,0.6874526849999256,0.0085337898961617,4.102734001889014,0.2074166824550716,True,folding_spec_dec_results,folding_spec_dec_results/PA/folding_spec_dec_results.csv
Q941C7,75,PU,-1,1,2.9667631840000013,0.2955479752640598,2.37267616500003,0.2011859328527637,1.3534550570622743,0.135210788083342,True,folding_spec_dec_results,folding_spec_dec_results/PU/folding_spec_dec_results.csv
Q941C7,75,PU,1,1,2.961782157000016,0.2992612908116386,2.291488543000014,0.0677070732734729,1.2925144950201035,0.1006076689471799,True,folding_spec_dec_results,folding_spec_dec_results/PU/folding_spec_dec_results.csv
Q941C7,75,PU,1,2,2.4656684440005847,0.029023016725171,2.3330744649992994,0.1917239305613944,1.0491625542694656,0.079677470111946,True,folding_spec_dec_results,folding_spec_dec_results/PU/folding_spec_dec_results.csv
Q941C7,75,PU,1,3,3.438276050000013,0.3621809827718988,2.935366208000005,0.2961520857741629,1.1713278025172411,0.2583631896846119,True,folding_spec_dec_results,folding_spec_dec_results/PU/folding_spec_dec_results.csv
Q941C7,75,PU,4,1,2.961782157000016,0.2992612908116386,1.9309440329998324,0.0028255434483772,1.5328716863028773,0.1533442081171766,True,folding_spec_dec_results,folding_spec_dec_results/PU/folding_spec_dec_results.csv
Q941C7,75,PU,4,2,2.4656684440005847,0.029023016725171,2.337510782000209,0.2827638636947928,1.0764897134920015,0.1317810469264136,True,folding_spec_dec_results,folding_spec_dec_results/PU/folding_spec_dec_results.csv
Q941C7,75,PU,4,3,3.438276050000013,0.3621809827718988,2.1242481929999713,0.0213377655603064,1.618584900450971,0.1888974508280351,True,folding_spec_dec_results,folding_spec_dec_results/PU/folding_spec_dec_results.csv
Q941C7,75,PU,8,1,2.961782157000016,0.2992612908116386,1.9658867389998704,0.0273465257496304,1.5065884001571723,0.1717341386997996,True,folding_spec_dec_results,folding_spec_dec_results/PU/folding_spec_dec_results.csv
Q941C7,75,PU,8,2,2.4656684440005847,0.029023016725171,2.283412722999856,0.2464978398035509,1.0719806981646949,0.1066811527627687,True,folding_spec_dec_results,folding_spec_dec_results/PU/folding_spec_dec_results.csv
Q941C7,75,PU,8,3,3.438276050000013,0.3621809827718988,2.1477408379998906,0.0164185579080781,1.600880324649388,0.1595356998513563,True,folding_spec_dec_results,folding_spec_dec_results/PU/folding_spec_dec_results.csv
Q941C7,75,PU,12,1,2.961782157000016,0.2992612908116386,1.9861254470001768,0.2871369690469676,1.4912361963205605,0.2953647394923302,True,folding_spec_dec_results,folding_spec_dec_results/PU/folding_spec_dec_results.csv
Q941C7,75,PU,12,2,2.4656684440005847,0.029023016725171,2.010378899999523,0.3325515730293538,1.2264695197513114,0.1597582209276599,True,folding_spec_dec_results,folding_spec_dec_results/PU/folding_spec_dec_results.csv
Q941C7,75,PU,12,3,3.438276050000013,0.3621809827718988,2.2233517490000168,0.0147709034408541,1.5464381879954108,0.1745774093226945,True,folding_spec_dec_results,folding_spec_dec_results/PU/folding_spec_dec_results.csv
B3H5J1,88,PA,-1,1,3.241267719999996,0.3899283727333182,1.3417948730000262,0.0986369252711934,2.433112617251488,0.0984864908406938,True,folding_spec_dec_results,folding_spec_dec_results/PA/folding_spec_dec_results.csv
B3H5J1,88,PA,1,1,3.1181207300001006,0.1747117569322306,2.398667557999943,0.2636719784017064,1.394429543120522,0.1964174317325827,True,folding_spec_dec_results,folding_spec_dec_results/PA/folding_spec_dec_results.csv
B3H5J1,88,PA,1,2,3.0911708270004965,0.4305660315603513,1.962892489999831,0.0295687843802129,1.5398743628800684,0.2400863129014706,True,folding_spec_dec_results,folding_spec_dec_results/PA/folding_spec_dec_results.csv
B3H5J1,88,PA,1,3,3.425724290999824,0.2512837350150101,2.260422270999925,0.3292951395413014,1.5155240394461402,0.0984455420667666,True,folding_spec_dec_results,folding_spec_dec_results/PA/folding_spec_dec_results.csv
B3H5J1,88,PA,4,1,3.1181207300001006,0.1747117569322306,0.9731219609998334,0.1455832977572084,3.204244539704345,0.5187043593814908,True,folding_spec_dec_results,folding_spec_dec_results/PA/folding_spec_dec_results.csv
B3H5J1,88,PA,4,2,3.0911708270004965,0.4305660315603513,0.9682155959999365,0.0992924653251902,3.1967221489130906,0.5859769016344959,True,folding_spec_dec_results,folding_spec_dec_results/PA/folding_spec_dec_results.csv
B3H5J1,88,PA,4,3,3.425724290999824,0.2512837350150101,1.0785000700000182,0.1469723709610757,3.24752641481816,0.4742796485736711,True,folding_spec_dec_results,folding_spec_dec_results/PA/folding_spec_dec_results.csv
B3H5J1,88,PA,8,1,3.1181207300001006,0.1747117569322306,0.6740808140002628,0.008875928711148,4.748182924915569,0.2567863918462378,True,folding_spec_dec_results,folding_spec_dec_results/PA/folding_spec_dec_results.csv
B3H5J1,88,PA,8,2,3.0911708270004965,0.4305660315603513,0.6577764029998434,0.0826249186025353,4.578006284614828,0.944767944494449,True,folding_spec_dec_results,folding_spec_dec_results/PA/folding_spec_dec_results.csv
B3H5J1,88,PA,8,3,3.425724290999824,0.2512837350150101,0.727358453999841,0.0883361800345124,4.642763217268627,0.7523382798435918,True,folding_spec_dec_results,folding_spec_dec_results/PA/folding_spec_dec_results.csv
B3H5J1,88,PA,12,1,3.1181207300001006,0.1747117569322306,0.5021312889998626,0.0106333130507709,6.209771823243131,0.218682076134945,True,folding_spec_dec_results,folding_spec_dec_results/PA/folding_spec_dec_results.csv
B3H5J1,88,PA,12,2,3.0911708270004965,0.4305660315603513,0.5322797130002073,0.075474821137609,5.883934944278185,1.175450947617222,True,folding_spec_dec_results,folding_spec_dec_results/PA/folding_spec_dec_results.csv
B3H5J1,88,PA,12,3,3.425724290999824,0.2512837350150101,0.5397750130000531,0.0828003656576266,6.3513034655403775,1.01796646689425,True,folding_spec_dec_results,folding_spec_dec_results/PA/folding_spec_dec_results.csv
B3H5J1,88,PU,-1,1,3.503982872999813,0.1531473868608807,1.4371565550000014,0.2098927674628667,2.266456438945891,0.258529364724618,True,folding_spec_dec_results,folding_spec_dec_results/PU/folding_spec_dec_results.csv
B3H5J1,88,PU,1,1,2.9545005659997514,0.3276910158323824,2.0447726679999505,0.1313581323636013,1.500149279422151,0.2001779539415694,True,folding_spec_dec_results,folding_spec_dec_results/PU/folding_spec_dec_results.csv
B3H5J1,88,PU,1,2,3.127740175999861,0.1481740833263941,2.073276911999528,0.3388331947321145,1.471907679770866,0.1366239687570797,True,folding_spec_dec_results,folding_spec_dec_results/PU/folding_spec_dec_results.csv
B3H5J1,88,PU,1,3,3.53339559799997,0.1392234352766918,2.266863482999952,0.1935864471203209,1.5323749083482932,0.069730543496405,True,folding_spec_dec_results,folding_spec_dec_results/PU/folding_spec_dec_results.csv
B3H5J1,88,PU,4,1,2.9545005659997514,0.3276910158323824,1.1739427630000137,0.1678228527737154,2.5167330632453644,0.5243626789783389,True,folding_spec_dec_results,folding_spec_dec_results/PU/folding_spec_dec_results.csv
B3H5J1,88,PU,4,2,3.127740175999861,0.1481740833263941,1.1510793779998494,0.1644884810798487,2.584111030913801,0.3235842597694169,True,folding_spec_dec_results,folding_spec_dec_results/PU/folding_spec_dec_results.csv
B3H5J1,88,PU,4,3,3.53339559799997,0.1392234352766918,1.2697311790000183,0.1452713916577698,2.735763899832606,0.3249438429133999,True,folding_spec_dec_results,folding_spec_dec_results/PU/folding_spec_dec_results.csv
B3H5J1,88,PU,8,1,2.9545005659997514,0.3276910158323824,0.9150568439999917,0.1695361272751183,3.3293502269725272,0.6755603152476215,True,folding_spec_dec_results,folding_spec_dec_results/PU/folding_spec_dec_results.csv
B3H5J1,88,PU,8,2,3.127740175999861,0.1481740833263941,0.9622623150007712,0.1078490879832301,3.2219035959402267,0.3164425836847986,True,folding_spec_dec_results,folding_spec_dec_results/PU/folding_spec_dec_results.csv
B3H5J1,88,PU,8,3,3.53339559799997,0.1392234352766918,1.0037724640001215,0.1510813813795726,3.4606296213358996,0.4784496270259541,True,folding_spec_dec_results,folding_spec_dec_results/PU/folding_spec_dec_results.csv
B3H5J1,88,PU,12,1,2.9545005659997514,0.3276910158323824,0.8083207039999252,0.0176993089330081,3.779281626994283,0.4014799763947963,True,folding_spec_dec_results,folding_spec_dec_results/PU/folding_spec_dec_results.csv
B3H5J1,88,PU,12,2,3.127740175999861,0.1481740833263941,0.8767054119998647,0.1331421598260118,3.362888622159247,0.4896775546803333,True,folding_spec_dec_results,folding_spec_dec_results/PU/folding_spec_dec_results.csv
B3H5J1,88,PU,12,3,3.53339559799997,0.1392234352766918,0.935272778999888,0.1129300130766627,3.826726880094392,0.4324615265286853,True,folding_spec_dec_results,folding_spec_dec_results/PU/folding_spec_dec_results.csv
P0A7U3,92,PA,1,1,3.351694039999984,0.1112737332537269,2.291291751999779,0.3044600844748914,1.3629140153255734,0.177401117983263,True,folding_spec_dec_results,folding_spec_dec_results/PA/folding_spec_dec_results.csv
P0A7U3,92,PA,1,2,3.0932823989996905,0.3207081564140535,2.007522300999881,0.117560591048387,1.5633076713255258,0.0641361845270254,True,folding_spec_dec_results,folding_spec_dec_results/PA/folding_spec_dec_results.csv
P0A7U3,92,PA,4,1,3.351694039999984,0.1112737332537269,0.9826122070003294,0.1462791237745347,3.4110038691986864,0.4734056986250448,True,folding_spec_dec_results,folding_spec_dec_results/PA/folding_spec_dec_results.csv
P0A7U3,92,PA,4,2,3.0932823989996905,0.3207081564140535,0.9553845999998885,0.0494237676418078,3.2486930405988903,0.15364937636377,True,folding_spec_dec_results,folding_spec_dec_results/PA/folding_spec_dec_results.csv
P0A7U3,92,PA,8,1,3.351694039999984,0.1112737332537269,0.6740232339998329,0.0898118389452556,4.993099092487004,0.6623454529592272,True,folding_spec_dec_results,folding_spec_dec_results/PA/folding_spec_dec_results.csv
P0A7U3,92,PA,8,2,3.0932823989996905,0.3207081564140535,0.6709425660001216,0.0997609190203654,4.689781564484955,0.8352385827508072,True,folding_spec_dec_results,folding_spec_dec_results/PA/folding_spec_dec_results.csv
P0A7U3,92,PA,12,1,3.351694039999984,0.1112737332537269,0.6170123609999791,0.1083791763066659,5.454452796610722,0.8516286741310184,True,folding_spec_dec_results,folding_spec_dec_results/PA/folding_spec_dec_results.csv
P0A7U3,92,PA,12,2,3.0932823989996905,0.3207081564140535,0.6249289439992936,0.0574142134403342,5.03976870450545,0.7343591245746605,True,folding_spec_dec_results,folding_spec_dec_results/PA/folding_spec_dec_results.csv
P0A7U3,92,PU,1,1,3.098475022999992,0.1506289807940739,1.960089815000174,0.2273402436521596,1.5828036388818931,0.1921692750000871,True,folding_spec_dec_results,folding_spec_dec_results/PU/folding_spec_dec_results.csv
P0A7U3,92,PU,1,2,3.759736660999806,0.4057605051940979,2.0026587160000417,0.2070949666627254,1.588434866479063,0.220083896192204,True,folding_spec_dec_results,folding_spec_dec_results/PU/folding_spec_dec_results.csv
P0A7U3,92,PU,1,3,3.67432966399997,0.4282662768816419,2.1693893280000793,0.2049761576737719,1.6945145047116197,0.0682761709484213,True,folding_spec_dec_results,folding_spec_dec_results/PU/folding_spec_dec_results.csv
P0A7U3,92,PU,4,1,3.098475022999992,0.1506289807940739,0.9769349250000232,0.1174070167177937,3.1429262435262477,0.4253255937981477,True,folding_spec_dec_results,folding_spec_dec_results/PU/folding_spec_dec_results.csv
P0A7U3,92,PU,4,2,3.759736660999806,0.4057605051940979,0.9598025360000976,0.0195478781846778,3.8321144074584654,0.4642798092595737,True,folding_spec_dec_results,folding_spec_dec_results/PU/folding_spec_dec_results.csv
P0A7U3,92,PU,4,3,3.67432966399997,0.4282662768816419,1.049604269999918,0.0862449974411834,3.217735620492775,0.5570704148534661,True,folding_spec_dec_results,folding_spec_dec_results/PU/folding_spec_dec_results.csv
P0A7U3,92,PU,8,1,3.098475022999992,0.1506289807940739,0.6425404419996994,0.0895384976902062,4.7785854606197,0.6924118365772496,True,folding_spec_dec_results,folding_spec_dec_results/PU/folding_spec_dec_results.csv
P0A7U3,92,PU,8,2,3.759736660999806,0.4057605051940979,0.6074011670007167,0.0085662432516695,6.020695979455657,0.6500533385675824,True,folding_spec_dec_results,folding_spec_dec_results/PU/folding_spec_dec_results.csv
P0A7U3,92,PU,8,3,3.67432966399997,0.4282662768816419,0.6671457120000923,0.0835978374047321,5.13236722319005,0.9194958106092624,True,folding_spec_dec_results,folding_spec_dec_results/PU/folding_spec_dec_results.csv
P0A7U3,92,PU,12,1,3.098475022999992,0.1506289807940739,0.5384390059998623,0.0052969492982284,5.818154151273878,0.2302288725169945,True,folding_spec_dec_results,folding_spec_dec_results/PU/folding_spec_dec_results.csv
P0A7U3,92,PU,12,2,3.759736660999806,0.4057605051940979,0.5704814869995971,0.0243936183357394,6.590462173932844,0.924275653139416,True,folding_spec_dec_results,folding_spec_dec_results/PU/folding_spec_dec_results.csv
P0A7U3,92,PU,12,3,3.67432966399997,0.4282662768816419,0.6127659410001343,0.079995368644282,5.51164616213438,1.127590423818709,True,folding_spec_dec_results,folding_spec_dec_results/PU/folding_spec_dec_results.csv
P01308,110,PA,1,1,4.1046673659998305,0.3156325682399392,2.4644529590000275,0.0596842476531081,1.7284325349866627,0.1155756809398528,True,folding_spec_dec_results,folding_spec_dec_results/PA/folding_spec_dec_results.csv
P01308,110,PA,1,2,3.651009096000053,0.3316331647024055,2.421555463999539,0.1226033125240484,1.6026625683808124,0.1462399234162461,True,folding_spec_dec_results,folding_spec_dec_results/PA/folding_spec_dec_results.csv
P01308,110,PA,4,1,4.1046673659998305,0.3156325682399392,1.2655058870000175,0.0648714126046837,3.243499226803497,0.3724779763161966,True,folding_spec_dec_results,folding_spec_dec_results/PA/folding_spec_dec_results.csv
P01308,110,PA,4,2,3.651009096000053,0.3316331647024055,1.2027616129998933,0.183623594302686,3.0264419381781673,0.532575766407831,True,folding_spec_dec_results,folding_spec_dec_results/PA/folding_spec_dec_results.csv
P01308,110,PA,8,1,4.1046673659998305,0.3156325682399392,0.9466361289996712,0.1155051446735636,4.336056104616789,0.6941647693252698,True,folding_spec_dec_results,folding_spec_dec_results/PA/folding_spec_dec_results.csv
P01308,110,PA,8,2,3.651009096000053,0.3316331647024055,0.9698756279994996,0.1140102275584378,3.952711805015866,0.5643655564322391,True,folding_spec_dec_results,folding_spec_dec_results/PA/folding_spec_dec_results.csv
P01308,110,PA,12,1,4.1046673659998305,0.3156325682399392,0.8319499670001278,0.1343664810813878,4.933791127849399,0.9083479569716568,True,folding_spec_dec_results,folding_spec_dec_results/PA/folding_spec_dec_results.csv
P01308,110,PA,12,2,3.651009096000053,0.3316331647024055,0.8176357129996177,0.0086953587901801,4.562150115523121,0.3809206821630136,True,folding_spec_dec_results,folding_spec_dec_results/PA/folding_spec_dec_results.csv
P01308,110,PU,1,1,3.8570133039997927,0.1141596480891931,2.8831829499999913,0.2150383802905476,1.3377622477962434,0.0763610274356781,True,folding_spec_dec_results,folding_spec_dec_results/PU/folding_spec_dec_results.csv
P01308,110,PU,1,2,3.8946438229995697,0.3665938077944305,2.3584886850003386,0.0147911269308916,1.6513302979865727,0.1664140322980188,True,folding_spec_dec_results,folding_spec_dec_results/PU/folding_spec_dec_results.csv
P01308,110,PU,4,1,3.8570133039997927,0.1141596480891931,1.459866539000359,0.1862463468471029,2.6647784652706203,0.3053761494074903,True,folding_spec_dec_results,folding_spec_dec_results/PU/folding_spec_dec_results.csv
P01308,110,PU,4,2,3.8946438229995697,0.3665938077944305,1.3361010739999983,0.0459566149990967,2.914932035298681,0.3611840193893826,True,folding_spec_dec_results,folding_spec_dec_results/PU/folding_spec_dec_results.csv
P01308,110,PU,8,1,3.8570133039997927,0.1141596480891931,1.4223536529998455,0.147886650942483,2.711711883936232,0.4080214292525403,True,folding_spec_dec_results,folding_spec_dec_results/PU/folding_spec_dec_results.csv
P01308,110,PU,8,2,3.8946438229995697,0.3665938077944305,1.1108084560000862,0.2037004920855168,3.5061344752666046,0.7345000899336969,True,folding_spec_dec_results,folding_spec_dec_results/PU/folding_spec_dec_results.csv
P01308,110,PU,12,1,3.8570133039997927,0.1141596480891931,1.0755286029998388,0.1475071889423403,3.5861559546086483,0.4546869023674099,True,folding_spec_dec_results,folding_spec_dec_results/PU/folding_spec_dec_results.csv
P01308,110,PU,12,2,3.8946438229995697,0.3665938077944305,1.0282046530001026,0.116191854782824,3.787809957517456,0.676401372716548,True,folding_spec_dec_results,folding_spec_dec_results/PU/folding_spec_dec_results.csv
P61769,119,PA,1,1,4.145575841000209,0.2191024906278684,2.6210556240002916,0.2546345304630186,1.5508491848776962,0.1849513467338481,True,folding_spec_dec_results,folding_spec_dec_results/PA/folding_spec_dec_results.csv
P61769,119,PA,1,2,3.987959168000089,0.4359795511508974,2.5548657780000212,0.3822843437731255,1.560927075833279,0.308735864957031,True,folding_spec_dec_results,folding_spec_dec_results/PA/folding_spec_dec_results.csv
P61769,119,PA,4,1,4.145575841000209,0.2191024906278684,1.2064428150001731,0.1950219882631479,3.4498730819033967,0.5062873948936485,True,folding_spec_dec_results,folding_spec_dec_results/PA/folding_spec_dec_results.csv
P61769,119,PA,4,2,3.987959168000089,0.4359795511508974,1.2478362319998269,0.0401422926084694,3.1958994824255447,0.4830931797129119,True,folding_spec_dec_results,folding_spec_dec_results/PA/folding_spec_dec_results.csv
P61769,119,PA,8,1,4.145575841000209,0.2191024906278684,0.8501783819997399,0.0436478160441638,4.946224877632515,0.4214613109113561,True,folding_spec_dec_results,folding_spec_dec_results/PA/folding_spec_dec_results.csv
P61769,119,PA,8,2,3.987959168000089,0.4359795511508974,0.8344929060003778,0.1251175023978945,4.819368981678829,0.9104024376283184,True,folding_spec_dec_results,folding_spec_dec_results/PA/folding_spec_dec_results.csv
P61769,119,PA,12,1,4.145575841000209,0.2191024906278684,0.6731375219997062,0.0601217553902605,6.299523594990572,0.6936512636823347,True,folding_spec_dec_results,folding_spec_dec_results/PA/folding_spec_dec_results.csv
P61769,119,PA,12,2,3.987959168000089,0.4359795511508974,0.6760257949999868,0.0937852874164739,5.867658703763081,1.2082662773978283,True,folding_spec_dec_results,folding_spec_dec_results/PA/folding_spec_dec_results.csv
P61769,119,PU,1,1,4.412282082999809,0.4202303580354436,2.8285818409999592,0.2711460089545296,1.4231014258286128,0.2648562933665208,True,folding_spec_dec_results,folding_spec_dec_results/PU/folding_spec_dec_results.csv
P61769,119,PU,1,2,4.325474872999621,0.4312014150827145,2.5589111680001224,0.0403758265421051,1.6594313790131634,0.1601548410536888,True,folding_spec_dec_results,folding_spec_dec_results/PU/folding_spec_dec_results.csv
P61769,119,PU,4,1,4.412282082999809,0.4202303580354436,1.2890403360001983,0.1734729772983496,3.543900195147258,0.6146160850518306,True,folding_spec_dec_results,folding_spec_dec_results/PU/folding_spec_dec_results.csv
P61769,119,PU,4,2,4.325474872999621,0.4312014150827145,1.2663962670003457,0.0124933178437998,3.4155777190066843,0.3657444332905663,True,folding_spec_dec_results,folding_spec_dec_results/PU/folding_spec_dec_results.csv
P61769,119,PU,8,1,4.412282082999809,0.4202303580354436,0.985888726000212,0.1563621715422873,4.610140320387423,0.8608219879684976,True,folding_spec_dec_results,folding_spec_dec_results/PU/folding_spec_dec_results.csv
P61769,119,PU,8,2,4.325474872999621,0.4312014150827145,0.9577525740005512,0.1336686393127506,4.516275905093137,0.8550238993176583,True,folding_spec_dec_results,folding_spec_dec_results/PU/folding_spec_dec_results.csv
P61769,119,PU,12,1,4.412282082999809,0.4202303580354436,0.778016480000133,0.0147359224041222,5.671193601193454,0.453233602474739,True,folding_spec_dec_results,folding_spec_dec_results/PU/folding_spec_dec_results.csv
P61769,119,PU,12,2,4.325474872999621,0.4312014150827145,0.7784224560000439,0.11910110497481,5.787492647162725,1.0748332286385744,True,folding_spec_dec_results,folding_spec_dec_results/PU/folding_spec_dec_results.csv
P00698,147,PA,1,1,5.000763794999784,0.0086937285604698,3.2698291629999403,0.084101162127834,1.5237763591382771,0.0380423641222318,True,folding_spec_dec_results,folding_spec_dec_results/PA/folding_spec_dec_results.csv
P00698,147,PA,1,2,4.903569532999427,0.1483392250485874,3.866991453999617,0.2046608951889515,1.334544966905025,0.0636426429599369,True,folding_spec_dec_results,folding_spec_dec_results/PA/folding_spec_dec_results.csv
P00698,147,PA,4,1,5.000763794999784,0.0086937285604698,1.894947415000388,0.1952178316897131,2.6293544282859105,0.3340222803899195,True,folding_spec_dec_results,folding_spec_dec_results/PA/folding_spec_dec_results.csv
P00698,147,PA,4,2,4.903569532999427,0.1483392250485874,1.5240850039999714,0.2389929087846549,3.217385854548779,0.4523143198931488,True,folding_spec_dec_results,folding_spec_dec_results/PA/folding_spec_dec_results.csv
P00698,147,PA,8,1,5.000763794999784,0.0086937285604698,1.332017568000083,0.034482435468198,3.740557554718301,0.103155395600034,True,folding_spec_dec_results,folding_spec_dec_results/PA/folding_spec_dec_results.csv
P00698,147,PA,8,2,4.903569532999427,0.1483392250485874,1.0155021910004507,0.0013676265022832,4.8320475939754,0.149617619843373,True,folding_spec_dec_results,folding_spec_dec_results/PA/folding_spec_dec_results.csv
P00698,147,PA,12,1,5.000763794999784,0.0086937285604698,1.108414391000224,0.1208365156193864,4.511637376421229,0.6374572897759514,True,folding_spec_dec_results,folding_spec_dec_results/PA/folding_spec_dec_results.csv
P00698,147,PA,12,2,4.903569532999427,0.1483392250485874,0.8485945709999214,0.011318674602803,5.8609967266792085,0.1252849960187443,True,folding_spec_dec_results,folding_spec_dec_results/PA/folding_spec_dec_results.csv
P00698,147,PU,1,1,5.243657787000302,0.2333957720246866,3.866105881999829,0.257365053007665,1.3563151002703278,0.1478608843215135,True,folding_spec_dec_results,folding_spec_dec_results/PU/folding_spec_dec_results.csv
P00698,147,PU,1,2,5.855517675000556,0.0739807459210668,3.164222582000548,0.0374695497044844,1.8551701088671584,0.0137870351742667,True,folding_spec_dec_results,folding_spec_dec_results/PU/folding_spec_dec_results.csv
P00698,147,PU,4,1,5.243657787000302,0.2333957720246866,1.55456580200007,0.0080007755401714,3.3460263745354664,0.1583352437800295,True,folding_spec_dec_results,folding_spec_dec_results/PU/folding_spec_dec_results.csv
P00698,147,PU,4,2,5.855517675000556,0.0739807459210668,1.513672017999852,0.0204925205941401,3.902643978222193,0.0166753817842553,True,folding_spec_dec_results,folding_spec_dec_results/PU/folding_spec_dec_results.csv
P00698,147,PU,8,1,5.243657787000302,0.2333957720246866,1.0376018219999423,0.012574357292336,5.053632015500252,0.163727809472671,True,folding_spec_dec_results,folding_spec_dec_results/PU/folding_spec_dec_results.csv
P00698,147,PU,8,2,5.855517675000556,0.0739807459210668,1.0344562279997265,0.0212942591207493,5.664913016425267,0.0990414646034106,True,folding_spec_dec_results,folding_spec_dec_results/PU/folding_spec_dec_results.csv
P00698,147,PU,12,1,5.243657787000302,0.2333957720246866,0.8548643030003404,0.0195627046378056,6.251860314512109,0.2016922967403633,True,folding_spec_dec_results,folding_spec_dec_results/PU/folding_spec_dec_results.csv
P00698,147,PU,12,2,5.855517675000556,0.0739807459210668,0.8344343890003074,0.0078488590624841,6.991623387366271,0.0583335293619223,True,folding_spec_dec_results,folding_spec_dec_results/PU/folding_spec_dec_results.csv
P68871,147,PA,1,1,4.964776640999844,0.0673874909567288,3.9802752370001144,0.178803598681901,1.2791257905162172,0.0588497402529533,True,folding_spec_dec_results,folding_spec_dec_results/PA/folding_spec_dec_results.csv
P68871,147,PA,1,2,4.894623029000286,0.0288734416146423,3.6950799950000146,0.4355174248004504,1.3246324939171623,0.169431666660933,True,folding_spec_dec_results,folding_spec_dec_results/PA/folding_spec_dec_results.csv
P68871,147,PA,4,1,4.964776640999844,0.0673874909567288,1.592402339000273,0.1616210567090139,3.099837480833428,0.3152682175636832,True,folding_spec_dec_results,folding_spec_dec_results/PA/folding_spec_dec_results.csv
P68871,147,PA,4,2,4.894623029000286,0.0288734416146423,1.80185678899943,0.1862888104486161,2.7164328812825724,0.3234957737409033,True,folding_spec_dec_results,folding_spec_dec_results/PA/folding_spec_dec_results.csv
P68871,147,PA,8,1,4.964776640999844,0.0673874909567288,1.0945634400000015,0.0673563203853177,4.6514185683014295,0.2715321472791838,True,folding_spec_dec_results,folding_spec_dec_results/PA/folding_spec_dec_results.csv
P68871,147,PA,8,2,4.894623029000286,0.0288734416146423,1.048254074000397,0.1409251457497735,4.62216980739549,0.4751859683028719,True,folding_spec_dec_results,folding_spec_dec_results/PA/folding_spec_dec_results.csv
P68871,147,PA,12,1,4.964776640999844,0.0673874909567288,0.8621090060000824,0.0137575596176925,5.825765194781941,0.1131257968885897,True,folding_spec_dec_results,folding_spec_dec_results/PA/folding_spec_dec_results.csv
P68871,147,PA,12,2,4.894623029000286,0.0288734416146423,0.8899196210004447,0.0217231156270927,5.4379229986762985,0.1132147242590369,True,folding_spec_dec_results,folding_spec_dec_results/PA/folding_spec_dec_results.csv
P68871,147,PU,1,1,5.925210718000017,0.0230122149471865,3.2423445499998707,0.0664343316313526,1.827446351437343,0.0431294727137134,True,folding_spec_dec_results,folding_spec_dec_results/PU/folding_spec_dec_results.csv
P68871,147,PU,1,2,5.568886927000676,0.289549619663025,3.118110776999856,0.0294308590681926,1.78598110371142,0.0773473258674474,True,folding_spec_dec_results,folding_spec_dec_results/PU/folding_spec_dec_results.csv
P68871,147,PU,4,1,5.925210718000017,0.0230122149471865,1.4619804290000502,0.0073955723218582,4.057671133166134,0.0290140559875679,True,folding_spec_dec_results,folding_spec_dec_results/PU/folding_spec_dec_results.csv
P68871,147,PU,4,2,5.568886927000676,0.289549619663025,1.4150287049997132,0.0120706433489752,3.929841553030877,0.1753889636840779,True,folding_spec_dec_results,folding_spec_dec_results/PU/folding_spec_dec_results.csv
P68871,147,PU,8,1,5.925210718000017,0.0230122149471865,1.0665928080002232,0.0125858477817946,5.551094745426614,0.0785776636635453,True,folding_spec_dec_results,folding_spec_dec_results/PU/folding_spec_dec_results.csv
P68871,147,PU,8,2,5.568886927000676,0.289549619663025,1.0364831489996504,0.0164150924755543,5.250518656700608,0.3040748118257454,True,folding_spec_dec_results,folding_spec_dec_results/PU/folding_spec_dec_results.csv
P68871,147,PU,12,1,5.925210718000017,0.0230122149471865,0.8986035630000515,0.010813939527784,6.593798380031214,0.1072611182050165,True,folding_spec_dec_results,folding_spec_dec_results/PU/folding_spec_dec_results.csv
P68871,147,PU,12,2,5.568886927000676,0.289549619663025,0.9043162449997908,0.1067404744979508,6.158118863608344,0.8842410737028353,True,folding_spec_dec_results,folding_spec_dec_results/PU/folding_spec_dec_results.csv
P0DP27,149,PA,1,1,5.086429549999593,0.056034659041439,3.1549812719999863,0.2776578140574929,1.6212828029743545,0.1176574531690749,True,folding_spec_dec_results,folding_spec_dec_results/PA/folding_spec_dec_results.csv
P0DP27,149,PA,1,2,5.8954561159998775,0.3156033100647664,3.090571801999431,0.0379176189827414,1.8711002188093693,0.1072785751858262,True,folding_spec_dec_results,folding_spec_dec_results/PA/folding_spec_dec_results.csv
P0DP27,149,PA,4,1,5.086429549999593,0.056034659041439,1.8598215689999051,0.2384880839385861,2.7503266793224252,0.4099395812769741,True,folding_spec_dec_results,folding_spec_dec_results/PA/folding_spec_dec_results.csv
P0DP27,149,PA,4,2,5.8954561159998775,0.3156033100647664,1.4354271410002184,0.014628992690826,4.107109269155849,0.1806225547870667,True,folding_spec_dec_results,folding_spec_dec_results/PA/folding_spec_dec_results.csv
P0DP27,149,PA,8,1,5.086429549999593,0.056034659041439,1.147769690000132,0.1084817321682313,4.346921907214794,0.520416903425216,True,folding_spec_dec_results,folding_spec_dec_results/PA/folding_spec_dec_results.csv
P0DP27,149,PA,8,2,5.8954561159998775,0.3156033100647664,0.9541156900004352,0.0179818902397854,6.086569096395026,0.2495159741011152,True,folding_spec_dec_results,folding_spec_dec_results/PA/folding_spec_dec_results.csv
P0DP27,149,PA,12,1,5.086429549999593,0.056034659041439,0.9377423209998595,0.0863599862512276,5.45471476060266,0.6391398219720729,True,folding_spec_dec_results,folding_spec_dec_results/PA/folding_spec_dec_results.csv
P0DP27,149,PA,12,2,5.8954561159998775,0.3156033100647664,0.7789908359991387,0.0632621863014243,7.568068639008221,0.9195281861004108,True,folding_spec_dec_results,folding_spec_dec_results/PA/folding_spec_dec_results.csv
P0DP27,149,PU,1,1,6.0210828730000685,0.1915867230902042,3.16375641500008,0.0109276932247047,1.8976562835027753,0.0649673978520286,True,folding_spec_dec_results,folding_spec_dec_results/PU/folding_spec_dec_results.csv
P0DP27,149,PU,1,2,5.170228517000396,0.3285751307580277,3.6908655880006336,0.1680102660131021,1.3868874013094508,0.162159023261499,True,folding_spec_dec_results,folding_spec_dec_results/PU/folding_spec_dec_results.csv
P0DP27,149,PU,4,1,6.0210828730000685,0.1915867230902042,1.3909180470000138,0.0178323943049385,4.246391878105105,0.1259114312006042,True,folding_spec_dec_results,folding_spec_dec_results/PU/folding_spec_dec_results.csv
P0DP27,149,PU,4,2,5.170228517000396,0.3285751307580277,1.391580012000304,0.1329144961146224,3.754051706700212,0.4817195894920623,True,folding_spec_dec_results,folding_spec_dec_results/PU/folding_spec_dec_results.csv
P0DP27,149,PU,8,1,6.0210828730000685,0.1915867230902042,0.9444078619999344,0.0035304545509622,6.343550313335764,0.1928529056558879,True,folding_spec_dec_results,folding_spec_dec_results/PU/folding_spec_dec_results.csv
P0DP27,149,PU,8,2,5.170228517000396,0.3285751307580277,0.9448471799996696,0.007296288952179,5.529058124882472,0.3605237227650909,True,folding_spec_dec_results,folding_spec_dec_results/PU/folding_spec_dec_results.csv
P0DP27,149,PU,12,1,6.0210828730000685,0.1915867230902042,0.7152639439996165,0.0050902325875333,8.344824746332288,0.2422348312264208,True,folding_spec_dec_results,folding_spec_dec_results/PU/folding_spec_dec_results.csv
P0DP27,149,PU,12,2,5.170228517000396,0.3285751307580277,0.7176573930000814,0.0167633336235123,7.204313043285001,0.6348010723514694,True,folding_spec_dec_results,folding_spec_dec_results/PU/folding_spec_dec_results.csv
P16949,149,PA,1,1,5.120173352000165,0.0974125422152426,3.910228951000136,0.2041796354419781,1.350428109752842,0.0763623928483814,True,folding_spec_dec_results,folding_spec_dec_results/PA/folding_spec_dec_results.csv
P16949,149,PA,1,2,4.918964997999865,0.2237583889891362,3.053644190000341,0.1204199311161619,1.6399230917739265,0.109333314346751,True,folding_spec_dec_results,folding_spec_dec_results/PA/folding_spec_dec_results.csv
P16949,149,PA,4,1,5.120173352000165,0.0974125422152426,1.6126928369999405,0.1664096322123455,3.1297152651768716,0.3728617173215077,True,folding_spec_dec_results,folding_spec_dec_results/PA/folding_spec_dec_results.csv
P16949,149,PA,4,2,4.918964997999865,0.2237583889891362,1.4883680949997142,0.1981071888036053,3.3049384856646027,0.5334271225837685,True,folding_spec_dec_results,folding_spec_dec_results/PA/folding_spec_dec_results.csv
P16949,149,PA,8,1,5.120173352000165,0.0974125422152426,0.9248532569999952,0.1016637766999984,5.457373212235048,0.5467844160971768,True,folding_spec_dec_results,folding_spec_dec_results/PA/folding_spec_dec_results.csv
P16949,149,PA,8,2,4.918964997999865,0.2237583889891362,1.0772083230003773,0.0980657082596289,4.552779275173312,0.7570233774022774,True,folding_spec_dec_results,folding_spec_dec_results/PA/folding_spec_dec_results.csv
P16949,149,PA,12,1,5.120173352000165,0.0974125422152426,0.6975120659999448,0.0085779920739868,7.448818066296839,0.10157307230459,True,folding_spec_dec_results,folding_spec_dec_results/PA/folding_spec_dec_results.csv
P16949,149,PA,12,2,4.918964997999865,0.2237583889891362,0.8060711469997841,0.0525603174131271,6.681942998515575,0.4497051032949474,True,folding_spec_dec_results,folding_spec_dec_results/PA/folding_spec_dec_results.csv
P16949,149,PU,1,1,5.774503677999746,0.2831758387938071,3.2138223070001004,0.0426577391081595,1.7967712979719404,0.0669242251745132,True,folding_spec_dec_results,folding_spec_dec_results/PU/folding_spec_dec_results.csv
P16949,149,PU,1,2,5.776139374000195,0.3250413472709496,3.0508728909999263,0.0092899900841125,1.8992952358615245,0.1111647336077133,True,folding_spec_dec_results,folding_spec_dec_results/PU/folding_spec_dec_results.csv
P16949,149,PU,4,1,5.774503677999746,0.2831758387938071,1.413174626,0.018115202471431,4.193293143526645,0.2116969855846852,True,folding_spec_dec_results,folding_spec_dec_results/PU/folding_spec_dec_results.csv
P16949,149,PU,4,2,5.776139374000195,0.3250413472709496,1.360817737000616,0.0114927808741384,4.231651971680131,0.2339985148193899,True,folding_spec_dec_results,folding_spec_dec_results/PU/folding_spec_dec_results.csv
P16949,149,PU,8,1,5.774503677999746,0.2831758387938071,0.9147897070001818,0.0320388991710111,6.181562598237185,0.1548105739454987,True,folding_spec_dec_results,folding_spec_dec_results/PU/folding_spec_dec_results.csv
P16949,149,PU,8,2,5.776139374000195,0.3250413472709496,0.8791992430005848,0.0190394011857589,6.525538233968581,0.2416307803989193,True,folding_spec_dec_results,folding_spec_dec_results/PU/folding_spec_dec_results.csv
P16949,149,PU,12,1,5.774503677999746,0.2831758387938071,0.7284238730003381,0.0823345842849539,8.019426202886981,1.0450976723958747,True,folding_spec_dec_results,folding_spec_dec_results/PU/folding_spec_dec_results.csv
P16949,149,PU,12,2,5.776139374000195,0.3250413472709496,0.7047158459999991,0.0548579074179342,8.245379870113975,0.9490703159034312,True,folding_spec_dec_results,folding_spec_dec_results/PU/folding_spec_dec_results.csv
P00441,154,PA,1,1,5.802184255999691,0.0864150344646256,3.3822765400000208,0.0385561414151061,1.725014427869996,0.0141968927732303,True,folding_spec_dec_results,folding_spec_dec_results/PA/folding_spec_dec_results.csv
P00441,154,PA,1,2,6.171583034999458,0.0708587587289544,3.338740979999784,0.0133145145016848,1.8484761387509183,0.0140821558729383,True,folding_spec_dec_results,folding_spec_dec_results/PA/folding_spec_dec_results.csv
P00441,154,PA,4,1,5.802184255999691,0.0864150344646256,1.627918346000115,0.0308746086451091,3.526217403412374,0.1007990370757191,True,folding_spec_dec_results,folding_spec_dec_results/PA/folding_spec_dec_results.csv
P00441,154,PA,4,2,6.171583034999458,0.0708587587289544,1.585186533000524,0.0444206299765853,3.8932850529064,0.148768356554542,True,folding_spec_dec_results,folding_spec_dec_results/PA/folding_spec_dec_results.csv
P00441,154,PA,8,1,5.802184255999691,0.0864150344646256,1.1212517370004207,0.0330229212509959,5.174738254160238,0.2059646635033875,True,folding_spec_dec_results,folding_spec_dec_results/PA/folding_spec_dec_results.csv
P00441,154,PA,8,2,6.171583034999458,0.0708587587289544,1.1287570820004476,0.001885278221311,5.4675918613611945,0.0715938183621091,True,folding_spec_dec_results,folding_spec_dec_results/PA/folding_spec_dec_results.csv
P00441,154,PA,12,1,5.802184255999691,0.0864150344646256,1.241484901000149,0.0412828150779237,4.623812982643115,0.2246066319921883,True,folding_spec_dec_results,folding_spec_dec_results/PA/folding_spec_dec_results.csv
P00441,154,PA,12,2,6.171583034999458,0.0708587587289544,0.9825093660001584,0.009292259606987,6.290301197887346,0.1282452449930118,True,folding_spec_dec_results,folding_spec_dec_results/PA/folding_spec_dec_results.csv
P00441,154,PU,1,1,5.929630909000025,0.1330582114686608,3.4371931240002596,0.0225782727029948,1.7161682063965782,0.0495331822246275,True,folding_spec_dec_results,folding_spec_dec_results/PU/folding_spec_dec_results.csv
P00441,154,PU,1,2,6.212618599999587,0.1918176471233928,3.344599649999509,0.0859996632977803,1.7843449197278267,0.0812901825956019,True,folding_spec_dec_results,folding_spec_dec_results/PU/folding_spec_dec_results.csv
P00441,154,PU,4,1,5.929630909000025,0.1330582114686608,1.6773284020000574,0.0268018230647201,3.5078578529904507,0.1336522431460871,True,folding_spec_dec_results,folding_spec_dec_results/PU/folding_spec_dec_results.csv
P00441,154,PU,4,2,6.212618599999587,0.1918176471233928,1.633690839999872,0.0291012330854126,3.674460318020968,0.1404304085001174,True,folding_spec_dec_results,folding_spec_dec_results/PU/folding_spec_dec_results.csv
P00441,154,PU,8,1,5.929630909000025,0.1330582114686608,1.2036788479999814,0.00620324131686,4.888205534870308,0.1232188115674012,True,folding_spec_dec_results,folding_spec_dec_results/PU/folding_spec_dec_results.csv
P00441,154,PU,8,2,6.212618599999587,0.1918176471233928,1.1809205590006968,0.029950546295547,5.0536163067989825,0.2041655925420455,True,folding_spec_dec_results,folding_spec_dec_results/PU/folding_spec_dec_results.csv
P00441,154,PU,12,1,5.929630909000025,0.1330582114686608,1.2999840310003492,0.0142419875799616,4.561310575820783,0.152722944869871,True,folding_spec_dec_results,folding_spec_dec_results/PU/folding_spec_dec_results.csv
P00441,154,PU,12,2,6.212618599999587,0.1918176471233928,1.041482480999548,0.0268711648526837,5.953787204861203,0.1497503516629734,True,folding_spec_dec_results,folding_spec_dec_results/PU/folding_spec_dec_results.csv
P68082,154,PA,1,1,6.062577928999872,0.0698251010665233,3.35494778400016,0.0837831367466852,1.7632328196616414,0.0448608811803517,True,folding_spec_dec_results,folding_spec_dec_results/PA/folding_spec_dec_results.csv
P68082,154,PA,1,2,5.786827132000326,0.3256425300758105,3.9390795290000824,0.2109043138968809,1.4690810605363145,0.1724981557210369,True,folding_spec_dec_results,folding_spec_dec_results/PA/folding_spec_dec_results.csv
P68082,154,PA,4,1,6.062577928999872,0.0698251010665233,1.8395548349999444,0.021176190030653,3.295676657010366,0.0741932754758262,True,folding_spec_dec_results,folding_spec_dec_results/PA/folding_spec_dec_results.csv
P68082,154,PA,4,2,5.786827132000326,0.3256425300758105,1.9166143399997964,0.0534345441982498,2.8931723469020514,0.1708953120880222,True,folding_spec_dec_results,folding_spec_dec_results/PA/folding_spec_dec_results.csv
P68082,154,PA,8,1,6.062577928999872,0.0698251010665233,1.444839936000335,0.0254619725935242,4.197523162869293,0.1174358508154088,True,folding_spec_dec_results,folding_spec_dec_results/PA/folding_spec_dec_results.csv
P68082,154,PA,8,2,5.786827132000326,0.3256425300758105,1.4803496279992032,0.0210714547259191,3.8435435047794746,0.2018770232993156,True,folding_spec_dec_results,folding_spec_dec_results/PA/folding_spec_dec_results.csv
P68082,154,PA,12,1,6.062577928999872,0.0698251010665233,1.416004121000242,0.1367833928235263,4.283002434848815,0.4052120144987963,True,folding_spec_dec_results,folding_spec_dec_results/PA/folding_spec_dec_results.csv
P68082,154,PA,12,2,5.786827132000326,0.3256425300758105,1.425551916000586,0.0164987443957852,4.009546761742872,0.20974121374941,True,folding_spec_dec_results,folding_spec_dec_results/PA/folding_spec_dec_results.csv
P68082,154,PU,1,1,5.109808011000041,0.0124654247614814,3.9920888059996287,0.1922720229552903,1.2823856661971555,0.0616723755637595,True,folding_spec_dec_results,folding_spec_dec_results/PU/folding_spec_dec_results.csv
P68082,154,PU,1,2,5.087757041000259,0.1408018356254475,3.4045255600003657,0.0748060432678764,1.4943340235727802,0.0606105371665786,True,folding_spec_dec_results,folding_spec_dec_results/PU/folding_spec_dec_results.csv
P68082,154,PU,4,1,5.109808011000041,0.0124654247614814,2.2191480390001743,0.1031130747827896,2.3069202112836775,0.111243053754148,True,folding_spec_dec_results,folding_spec_dec_results/PU/folding_spec_dec_results.csv
P68082,154,PU,4,2,5.087757041000259,0.1408018356254475,2.1686667469994063,0.1522013391110446,2.3460299043362665,0.1143586886117194,True,folding_spec_dec_results,folding_spec_dec_results/PU/folding_spec_dec_results.csv
P68082,154,PU,8,1,5.109808011000041,0.0124654247614814,1.460303551999914,0.018365986504737,3.4852325751244297,0.0395981024937477,True,folding_spec_dec_results,folding_spec_dec_results/PU/folding_spec_dec_results.csv
P68082,154,PU,8,2,5.087757041000259,0.1408018356254475,1.8932562339996368,0.0566090967773547,2.6873050512830035,0.1319491483475748,True,folding_spec_dec_results,folding_spec_dec_results/PU/folding_spec_dec_results.csv
P68082,154,PU,12,1,5.109808011000041,0.0124654247614814,1.399301918999754,0.0138244460778748,3.6371689625338863,0.030963373543881,True,folding_spec_dec_results,folding_spec_dec_results/PU/folding_spec_dec_results.csv
P68082,154,PU,12,2,5.087757041000259,0.1408018356254475,1.6155823899998722,0.1632261774288159,3.149178322623745,0.4109304872903465,True,folding_spec_dec_results,folding_spec_dec_results/PU/folding_spec_dec_results.csv
P0A7Y4,155,PA,1,1,5.940592192999702,0.1229443055186493,3.3467020970001613,0.0389182803299433,1.7921948674256385,0.0209220163443606,True,folding_spec_dec_results,folding_spec_dec_results/PA/folding_spec_dec_results.csv
P0A7Y4,155,PA,1,2,6.1192489049999494,0.0340204117157975,3.2775495750001937,0.0304133086783177,1.867019480551896,0.027802136614207,True,folding_spec_dec_results,folding_spec_dec_results/PA/folding_spec_dec_results.csv
P0A7Y4,155,PA,4,1,5.940592192999702,0.1229443055186493,1.5480466369999704,0.0213261493134139,3.93108440983275,0.0647371488470711,True,folding_spec_dec_results,folding_spec_dec_results/PA/folding_spec_dec_results.csv
P0A7Y4,155,PA,4,2,6.1192489049999494,0.0340204117157975,1.5313790870004595,0.0179307717895776,3.995907321018622,0.0696068206070896,True,folding_spec_dec_results,folding_spec_dec_results/PA/folding_spec_dec_results.csv
P0A7Y4,155,PA,8,1,5.940592192999702,0.1229443055186493,1.0385394410000115,0.0480658123424255,5.673611343375139,0.3184904642911994,True,folding_spec_dec_results,folding_spec_dec_results/PA/folding_spec_dec_results.csv
P0A7Y4,155,PA,8,2,6.1192489049999494,0.0340204117157975,1.030772633000197,0.0201668414874179,5.992706445863415,0.1081562103539365,True,folding_spec_dec_results,folding_spec_dec_results/PA/folding_spec_dec_results.csv
P0A7Y4,155,PA,12,1,5.940592192999702,0.1229443055186493,0.9361965769999188,0.0654072884165513,6.2938375313037,0.6416116080734803,True,folding_spec_dec_results,folding_spec_dec_results/PA/folding_spec_dec_results.csv
P0A7Y4,155,PA,12,2,6.1192489049999494,0.0340204117157975,0.7912788050007293,0.0232337230506974,7.806499760844966,0.2213796809645781,True,folding_spec_dec_results,folding_spec_dec_results/PA/folding_spec_dec_results.csv
P0A7Y4,155,PU,1,1,5.690417443000115,0.1121978159733831,3.3757992169998943,0.0244435616998085,1.6856504422254248,0.0208086923976847,True,folding_spec_dec_results,folding_spec_dec_results/PU/folding_spec_dec_results.csv
P0A7Y4,155,PU,1,2,6.028727031999551,0.0629722501991558,3.200343272000282,0.0335850808855439,1.8967666871060864,0.0096478862074002,True,folding_spec_dec_results,folding_spec_dec_results/PU/folding_spec_dec_results.csv
P0A7Y4,155,PU,4,1,5.690417443000115,0.1121978159733831,1.7166725550000592,0.0201327331634517,3.3147949074073235,0.1064973372778205,True,folding_spec_dec_results,folding_spec_dec_results/PU/folding_spec_dec_results.csv
P0A7Y4,155,PU,4,2,6.028727031999551,0.0629722501991558,1.6291484450002829,0.0180307926260454,3.698087430527734,0.0668513603095934,True,folding_spec_dec_results,folding_spec_dec_results/PU/folding_spec_dec_results.csv
P0A7Y4,155,PU,8,1,5.690417443000115,0.1121978159733831,1.3773016009999992,0.0202079172958525,4.219370653389452,0.1032528728050957,True,folding_spec_dec_results,folding_spec_dec_results/PU/folding_spec_dec_results.csv
P0A7Y4,155,PU,8,2,6.028727031999551,0.0629722501991558,1.1738229599995975,0.0073733320310505,5.13000662723607,0.0826620678292517,True,folding_spec_dec_results,folding_spec_dec_results/PU/folding_spec_dec_results.csv
P0A7Y4,155,PU,12,1,5.690417443000115,0.1121978159733831,1.320460981999986,0.0053623344937108,4.3058121354971775,0.0826412603753436,True,folding_spec_dec_results,folding_spec_dec_results/PU/folding_spec_dec_results.csv
P0A7Y4,155,PU,12,2,6.028727031999551,0.0629722501991558,1.006978662999245,0.0065300434189067,6.016826554294957,0.0289760081548594,True,folding_spec_dec_results,folding_spec_dec_results/PU/folding_spec_dec_results.csv
P04808,185,PA,1,1,6.676662666000084,0.3832039438822263,4.096239856000011,0.3680576764384768,1.6299491486613926,0.2004751920832121,True,folding_spec_dec_results,folding_spec_dec_results/PA/folding_spec_dec_results.csv
P04808,185,PA,1,2,6.518629119000252,0.4304045433447078,4.563809362000029,0.4252593038461654,1.4283307215408203,0.2367488022736316,True,folding_spec_dec_results,folding_spec_dec_results/PA/folding_spec_dec_results.csv
P04808,185,PA,4,1,6.676662666000084,0.3832039438822263,2.243683506999787,0.272008182363854,2.792744460371364,0.4937625582004835,True,folding_spec_dec_results,folding_spec_dec_results/PA/folding_spec_dec_results.csv
P04808,185,PA,4,2,6.518629119000252,0.4304045433447078,1.959993322999253,0.0211962281509448,3.3258425130883653,0.1852730085374649,True,folding_spec_dec_results,folding_spec_dec_results/PA/folding_spec_dec_results.csv
P04808,185,PA,8,1,6.676662666000084,0.3832039438822263,1.8711067130002448,0.1603665839255723,3.745726295916956,0.1846779086380995,True,folding_spec_dec_results,folding_spec_dec_results/PA/folding_spec_dec_results.csv
P04808,185,PA,8,2,6.518629119000252,0.4304045433447078,1.498268416999963,0.0311529515611594,4.35077523161887,0.2057716445478474,True,folding_spec_dec_results,folding_spec_dec_results/PA/folding_spec_dec_results.csv
P04808,185,PA,12,1,6.676662666000084,0.3832039438822263,1.3099902029998702,0.2047807150289856,4.783268356245005,0.413411368400961,True,folding_spec_dec_results,folding_spec_dec_results/PA/folding_spec_dec_results.csv
P04808,185,PA,12,2,6.518629119000252,0.4304045433447078,1.2854543260000355,0.0450675946480601,4.871292914489135,0.3058131308597061,True,folding_spec_dec_results,folding_spec_dec_results/PA/folding_spec_dec_results.csv
P04808,185,PU,1,1,6.396402941999895,0.3522828822980293,4.658616787000028,0.3298517647810776,1.3503091405917271,0.1914436682145735,True,folding_spec_dec_results,folding_spec_dec_results/PU/folding_spec_dec_results.csv
P04808,185,PU,1,2,6.401375650999398,0.3603188334187563,4.078212390999397,0.46052754256231,1.5696523469761448,0.2289201834726066,True,folding_spec_dec_results,folding_spec_dec_results/PU/folding_spec_dec_results.csv
P04808,185,PU,4,1,6.396402941999895,0.3522828822980293,2.15704322900001,0.2695621400889447,3.043389226345271,0.4050729774832943,True,folding_spec_dec_results,folding_spec_dec_results/PU/folding_spec_dec_results.csv
P04808,185,PU,4,2,6.401375650999398,0.3603188334187563,2.129531745999884,0.3410478176444155,2.845867741292868,0.453507464995925,True,folding_spec_dec_results,folding_spec_dec_results/PU/folding_spec_dec_results.csv
P04808,185,PU,8,1,6.396402941999895,0.3522828822980293,1.81325624100009,0.0039462816173777,3.5384512428420996,0.1882765883279672,True,folding_spec_dec_results,folding_spec_dec_results/PU/folding_spec_dec_results.csv
P04808,185,PU,8,2,6.401375650999398,0.3603188334187563,2.0808900469992295,0.1579831276954173,3.3331244310587502,0.1884034769791377,True,folding_spec_dec_results,folding_spec_dec_results/PU/folding_spec_dec_results.csv
P04808,185,PU,12,1,6.396402941999895,0.3522828822980293,1.7516941640001278,0.1199200641738044,3.651552350550292,0.0460382191057315,True,folding_spec_dec_results,folding_spec_dec_results/PU/folding_spec_dec_results.csv
P04808,185,PU,12,2,6.401375650999398,0.3603188334187563,1.6962047429997256,0.2126779729625442,3.572897508400098,0.2430190384445663,True,folding_spec_dec_results,folding_spec_dec_results/PU/folding_spec_dec_results.csv
P0A7L0,234,PA,1,1,8.13062900100067,0.6685828770764478,5.702090596999369,0.3824162259112898,1.4259031600233218,0.2376044155871385,True,folding_spec_dec_results,folding_spec_dec_results/PA/folding_spec_dec_results.csv
P0A7L0,234,PA,1,2,7.684783593999782,0.6412130705683663,5.598493800999677,0.415937110416015,1.3602292601699444,0.2326590003923782,True,folding_spec_dec_results,folding_spec_dec_results/PA/folding_spec_dec_results.csv
P0A7L0,234,PA,4,1,8.13062900100067,0.6685828770764478,2.4461364469998443,0.1387950820520262,3.2742129606461474,0.3617626956979313,True,folding_spec_dec_results,folding_spec_dec_results/PA/folding_spec_dec_results.csv
P0A7L0,234,PA,4,2,7.684783593999782,0.6412130705683663,2.4190984859997116,0.032136234181775,3.1914934144855676,0.2222872856764173,True,folding_spec_dec_results,folding_spec_dec_results/PA/folding_spec_dec_results.csv
P0A7L0,234,PA,8,1,8.13062900100067,0.6685828770764478,1.7417460120004762,0.0458087948448016,4.668091067802857,0.2545491073256062,True,folding_spec_dec_results,folding_spec_dec_results/PA/folding_spec_dec_results.csv
P0A7L0,234,PA,8,2,7.684783593999782,0.6412130705683663,1.6853334950001226,0.2625599085489398,4.557529233423272,0.2487911536227289,True,folding_spec_dec_results,folding_spec_dec_results/PA/folding_spec_dec_results.csv
P0A7L0,234,PA,12,1,8.13062900100067,0.6685828770764478,1.493235783000273,0.1930298521398913,5.299433260365758,0.2097781638872702,True,folding_spec_dec_results,folding_spec_dec_results/PA/folding_spec_dec_results.csv
P0A7L0,234,PA,12,2,7.684783593999782,0.6412130705683663,1.5040082400000756,0.2069961633696394,5.109535566107933,0.2233670536061366,True,folding_spec_dec_results,folding_spec_dec_results/PA/folding_spec_dec_results.csv
P0A7L0,234,PU,1,1,8.222575660000075,0.4049059501322677,5.638220622000517,0.2932704632949822,1.4583635886675526,0.1609740964163463,True,folding_spec_dec_results,folding_spec_dec_results/PU/folding_spec_dec_results.csv
P0A7L0,234,PU,1,2,8.080098488999283,0.2950585247000438,5.298117432999788,0.4831069020048793,1.525088598201256,0.1885434535268477,True,folding_spec_dec_results,folding_spec_dec_results/PU/folding_spec_dec_results.csv
P0A7L0,234,PU,4,1,8.222575660000075,0.4049059501322677,2.574717232000239,0.109485439827787,3.1092348035363973,0.2564860622789118,True,folding_spec_dec_results,folding_spec_dec_results/PU/folding_spec_dec_results.csv
P0A7L0,234,PU,4,2,8.080098488999283,0.2950585247000438,2.450008718999925,0.2779429014683429,3.1506956004429756,0.2370020693524709,True,folding_spec_dec_results,folding_spec_dec_results/PU/folding_spec_dec_results.csv
P0A7L0,234,PU,8,1,8.222575660000075,0.4049059501322677,1.7967101779995571,0.0577553684561876,4.576461891675275,0.0779378939210272,True,folding_spec_dec_results,folding_spec_dec_results/PU/folding_spec_dec_results.csv
P0A7L0,234,PU,8,2,8.080098488999283,0.2950585247000438,1.736358608000046,0.2096542459944798,4.445643691593799,0.3408994064197301,True,folding_spec_dec_results,folding_spec_dec_results/PU/folding_spec_dec_results.csv
P0A7L0,234,PU,12,1,8.222575660000075,0.4049059501322677,1.546127491000334,0.2117985568176877,5.177710424009472,0.3837435294119152,True,folding_spec_dec_results,folding_spec_dec_results/PU/folding_spec_dec_results.csv
P0A7L0,234,PU,12,2,8.080098488999283,0.2950585247000438,1.5080404840000483,0.0086152246751965,5.358011654678513,0.2237221152527668,True,folding_spec_dec_results,folding_spec_dec_results/PU/folding_spec_dec_results.csv
P42212,238,PA,1,1,8.461140530000193,0.2922776948465923,6.416195427000275,0.4394808986299533,1.3187161498221351,0.1498355192473003,True,folding_spec_dec_results,folding_spec_dec_results/PA/folding_spec_dec_results.csv
P42212,238,PA,1,2,8.780258026999945,0.4867536045330543,5.457021324999914,0.4722886470513616,1.613410503943843,0.1948294297859378,True,folding_spec_dec_results,folding_spec_dec_results/PA/folding_spec_dec_results.csv
P42212,238,PA,4,1,8.461140530000193,0.2922776948465923,3.2681906249999884,0.4058220590838294,2.5873464971759557,0.1839045444011161,True,folding_spec_dec_results,folding_spec_dec_results/PA/folding_spec_dec_results.csv
P42212,238,PA,4,2,8.780258026999945,0.4867536045330543,3.157294011999511,0.4501470761688463,2.5206048402375343,0.2587950479528186,True,folding_spec_dec_results,folding_spec_dec_results/PA/folding_spec_dec_results.csv
P42212,238,PA,8,1,8.461140530000193,0.2922776948465923,2.683613178000087,0.0436702972310578,3.2468687935769127,0.0841739165257636,True,folding_spec_dec_results,folding_spec_dec_results/PA/folding_spec_dec_results.csv
P42212,238,PA,8,2,8.780258026999945,0.4867536045330543,2.5505867270003364,0.2961386551548476,3.0576036748642728,0.2734143932213712,True,folding_spec_dec_results,folding_spec_dec_results/PA/folding_spec_dec_results.csv
P42212,238,PA,12,1,8.461140530000193,0.2922776948465923,2.5476935650003725,0.3038778428476533,3.3714544723875397,0.3813244964948206,True,folding_spec_dec_results,folding_spec_dec_results/PA/folding_spec_dec_results.csv
P42212,238,PA,12,2,8.780258026999945,0.4867536045330543,2.412091844000315,0.2093477042445555,3.2485595576561717,0.2292508087350308,True,folding_spec_dec_results,folding_spec_dec_results/PA/folding_spec_dec_results.csv
P42212,238,PU,1,1,8.599232175999532,0.4193809759877598,7.128778286999477,0.145922901774093,1.23047254390973,0.0756774271963995,True,folding_spec_dec_results,folding_spec_dec_results/PU/folding_spec_dec_results.csv
P42212,238,PU,1,2,8.078408209000372,0.3872394755410249,7.122347247000107,0.1115349779778441,1.1654037868151683,0.0581791011281167,True,folding_spec_dec_results,folding_spec_dec_results/PU/folding_spec_dec_results.csv
P42212,238,PU,4,1,8.599232175999532,0.4193809759877598,4.939637335000043,0.1437397997898027,1.740863061963932,0.0361104517661975,True,folding_spec_dec_results,folding_spec_dec_results/PU/folding_spec_dec_results.csv
P42212,238,PU,4,2,8.078408209000372,0.3872394755410249,4.71549815400067,0.1326471261557288,1.713161143355889,0.0333028366267819,True,folding_spec_dec_results,folding_spec_dec_results/PU/folding_spec_dec_results.csv
P42212,238,PU,8,1,8.599232175999532,0.4193809759877598,5.154098067000632,0.3652485376183185,1.584819022456775,0.1974159041305828,True,folding_spec_dec_results,folding_spec_dec_results/PU/folding_spec_dec_results.csv
P42212,238,PU,8,2,8.078408209000372,0.3872394755410249,4.813105184999586,0.4272156924974114,1.6166975110478052,0.1973104821204748,True,folding_spec_dec_results,folding_spec_dec_results/PU/folding_spec_dec_results.csv
P42212,238,PU,12,1,8.599232175999532,0.4193809759877598,5.034211256999697,0.4256452386715015,1.610019993866112,0.1285379328472706,True,folding_spec_dec_results,folding_spec_dec_results/PU/folding_spec_dec_results.csv
P42212,238,PU,12,2,8.078408209000372,0.3872394755410249,5.221815769999921,0.461071306791798,1.5387945811098611,0.1265052974485913,True,folding_spec_dec_results,folding_spec_dec_results/PU/folding_spec_dec_results.csv
P00766,245,PA,1,1,8.441835810000157,0.374067638998923,5.844789748000039,0.4072615456638393,1.444335241124588,0.1817482755266633,True,folding_spec_dec_results,folding_spec_dec_results/PA/folding_spec_dec_results.csv
P00766,245,PA,1,2,8.918513163999705,0.2322703740818544,5.028365633000249,0.3915060556050003,1.75525721122516,0.0815744417448481,True,folding_spec_dec_results,folding_spec_dec_results/PA/folding_spec_dec_results.csv
P00766,245,PA,4,1,8.441835810000157,0.374067638998923,2.3634535719993437,0.1839087155178235,3.5273483654465103,0.1257521581676281,True,folding_spec_dec_results,folding_spec_dec_results/PA/folding_spec_dec_results.csv
P00766,245,PA,4,2,8.918513163999705,0.2322703740818544,2.294178335999277,0.1280147734754892,3.8471617046963673,0.1224570575141297,True,folding_spec_dec_results,folding_spec_dec_results/PA/folding_spec_dec_results.csv
P00766,245,PA,8,1,8.441835810000157,0.374067638998923,1.5602583569998387,0.1998114006058878,5.343169005696576,0.3581179627047391,True,folding_spec_dec_results,folding_spec_dec_results/PA/folding_spec_dec_results.csv
P00766,245,PA,8,2,8.918513163999705,0.2322703740818544,1.4792729789996883,0.0141896207911162,6.0289840283776215,0.0976951697016658,True,folding_spec_dec_results,folding_spec_dec_results/PA/folding_spec_dec_results.csv
P00766,245,PA,12,1,8.441835810000157,0.374067638998923,1.2165198479997343,0.0189370239958349,6.8546498496357655,0.361455104467494,True,folding_spec_dec_results,folding_spec_dec_results/PA/folding_spec_dec_results.csv
P00766,245,PA,12,2,8.918513163999705,0.2322703740818544,1.2199781569997867,0.157071303107994,7.234617265366332,0.830777566900605,True,folding_spec_dec_results,folding_spec_dec_results/PA/folding_spec_dec_results.csv
P00766,245,PU,1,1,8.815841409000313,0.5284457269184956,6.000002425000275,0.3822367094241534,1.450897733085846,0.2058314051220528,True,folding_spec_dec_results,folding_spec_dec_results/PU/folding_spec_dec_results.csv
P00766,245,PU,1,2,8.903589014999852,0.3333888226432918,5.020589400000063,0.4101082355990393,1.779929551586307,0.1809076427191663,True,folding_spec_dec_results,folding_spec_dec_results/PU/folding_spec_dec_results.csv
P00766,245,PU,4,1,8.815841409000313,0.5284457269184956,2.374037354000393,0.2974654970891386,3.6758126978671233,0.1921058543578622,True,folding_spec_dec_results,folding_spec_dec_results/PU/folding_spec_dec_results.csv
P00766,245,PU,4,2,8.903589014999852,0.3333888226432918,2.4245985070001552,0.2789304657456898,3.5718087442334645,0.2709844350778775,True,folding_spec_dec_results,folding_spec_dec_results/PU/folding_spec_dec_results.csv
P00766,245,PU,8,1,8.815841409000313,0.5284457269184956,1.579043312000067,0.2096399505853663,5.487575375006607,0.3434168689114392,True,folding_spec_dec_results,folding_spec_dec_results/PU/folding_spec_dec_results.csv
P00766,245,PU,8,2,8.903589014999852,0.3333888226432918,1.694473343000027,0.1711451657223208,5.320064502189391,0.372385048109341,True,folding_spec_dec_results,folding_spec_dec_results/PU/folding_spec_dec_results.csv
P00766,245,PU,12,1,8.815841409000313,0.5284457269184956,1.245699226999932,0.0262921584246184,7.077022460896812,0.2649194945519436,True,folding_spec_dec_results,folding_spec_dec_results/PU/folding_spec_dec_results.csv
P00766,245,PU,12,2,8.903589014999852,0.3333888226432918,1.2556463250002707,0.1311901156308878,6.716832743868688,0.5475600635806831,True,folding_spec_dec_results,folding_spec_dec_results/PU/folding_spec_dec_results.csv
P63101,245,PA,1,1,8.988625398000295,0.3674536443456602,6.396522740000364,0.4763083499464592,1.4004613926259122,0.1888285555663522,True,folding_spec_dec_results,folding_spec_dec_results/PA/folding_spec_dec_results.csv
P63101,245,PA,1,2,8.688531994999721,0.3707992292589909,5.130241486000159,0.5063745763306281,1.693591231272393,0.2051921966478497,True,folding_spec_dec_results,folding_spec_dec_results/PA/folding_spec_dec_results.csv
P63101,245,PA,4,1,8.988625398000295,0.3674536443456602,2.4442947300003652,0.0112677412607151,3.654004523490193,0.1486423688415903,True,folding_spec_dec_results,folding_spec_dec_results/PA/folding_spec_dec_results.csv
P63101,245,PA,4,2,8.688531994999721,0.3707992292589909,2.2695535659995585,0.3107558614938063,3.618770816319923,0.4029056108628291,True,folding_spec_dec_results,folding_spec_dec_results/PA/folding_spec_dec_results.csv
P63101,245,PA,8,1,8.988625398000295,0.3674536443456602,1.554083573999378,0.1081395002798772,5.646667444928489,0.2103938520823195,True,folding_spec_dec_results,folding_spec_dec_results/PA/folding_spec_dec_results.csv
P63101,245,PA,8,2,8.688531994999721,0.3707992292589909,1.448670364999998,0.011926979025866,5.997590759716916,0.2081907635628605,True,folding_spec_dec_results,folding_spec_dec_results/PA/folding_spec_dec_results.csv
P63101,245,PA,12,1,8.988625398000295,0.3674536443456602,1.2440317619993948,0.1335344605398936,7.225398637373913,0.4202142349514614,True,folding_spec_dec_results,folding_spec_dec_results/PA/folding_spec_dec_results.csv
P63101,245,PA,12,2,8.688531994999721,0.3707992292589909,1.1267772660003177,0.1008976804952273,7.179111907993926,0.417675969019612,True,folding_spec_dec_results,folding_spec_dec_results/PA/folding_spec_dec_results.csv
P63101,245,PU,1,1,8.365070844999536,0.3611128096743337,6.07939408799939,0.4828190814331675,1.375971145136327,0.2020728290741289,True,folding_spec_dec_results,folding_spec_dec_results/PU/folding_spec_dec_results.csv
P63101,245,PU,1,2,8.592156139000508,0.3446640972654294,5.469059907999508,0.3432076842642742,1.5710480930064226,0.1613756309089337,True,folding_spec_dec_results,folding_spec_dec_results/PU/folding_spec_dec_results.csv
P63101,245,PU,4,1,8.365070844999536,0.3611128096743337,2.302135475000796,0.0264200787619184,3.6320063996219383,0.1898884910128195,True,folding_spec_dec_results,folding_spec_dec_results/PU/folding_spec_dec_results.csv
P63101,245,PU,4,2,8.592156139000508,0.3446640972654294,2.3170466159999705,0.3192872733754638,3.5219854686054983,0.3023402699054173,True,folding_spec_dec_results,folding_spec_dec_results/PU/folding_spec_dec_results.csv
P63101,245,PU,8,1,8.365070844999536,0.3611128096743337,1.5308639860004405,0.1716708423392167,5.461863924204417,0.3073865374239586,True,folding_spec_dec_results,folding_spec_dec_results/PU/folding_spec_dec_results.csv
P63101,245,PU,8,2,8.592156139000508,0.3446640972654294,1.5419462830004704,0.1342381836105814,5.473158356796448,0.2530969351023172,True,folding_spec_dec_results,folding_spec_dec_results/PU/folding_spec_dec_results.csv
P63101,245,PU,12,1,8.365070844999536,0.3611128096743337,1.243456187999982,0.1465622150658981,6.727274290583737,0.4134329696920065,True,folding_spec_dec_results,folding_spec_dec_results/PU/folding_spec_dec_results.csv
P63101,245,PU,12,2,8.592156139000508,0.3446640972654294,1.2119216279998,0.010420410757287,6.965329181606491,0.2870092573173284,True,folding_spec_dec_results,folding_spec_dec_results/PU/folding_spec_dec_results.csv
P15378,248,PA,1,1,8.89089836399944,0.1408973598126869,5.754493110999647,0.3497547606125507,1.5450358863067524,0.1214273171919193,True,folding_spec_dec_results,folding_spec_dec_results/PA/folding_spec_dec_results.csv
P15378,248,PA,1,2,8.77354847100014,0.3926502225720826,6.237664670000413,0.4438982563618536,1.406543784438409,0.1705877505727862,True,folding_spec_dec_results,folding_spec_dec_results/PA/folding_spec_dec_results.csv
P15378,248,PA,4,1,8.89089836399944,0.1408973598126869,2.972569499999736,0.2818834323609345,2.974996589987571,0.2138046081124462,True,folding_spec_dec_results,folding_spec_dec_results/PA/folding_spec_dec_results.csv
P15378,248,PA,4,2,8.77354847100014,0.3926502225720826,2.7773511720006354,0.0385532431017647,3.1589625969697623,0.1093498759892702,True,folding_spec_dec_results,folding_spec_dec_results/PA/folding_spec_dec_results.csv
P15378,248,PA,8,1,8.89089836399944,0.1408973598126869,2.160719202999644,0.0740211459946047,4.092796562238786,0.0771213319443425,True,folding_spec_dec_results,folding_spec_dec_results/PA/folding_spec_dec_results.csv
P15378,248,PA,8,2,8.77354847100014,0.3926502225720826,2.0763136049999957,0.2639049354641956,3.8935698251613937,0.3644605689461331,True,folding_spec_dec_results,folding_spec_dec_results/PA/folding_spec_dec_results.csv
P15378,248,PA,12,1,8.89089836399944,0.1408973598126869,1.8312023759999647,0.139875254035146,4.829277332698505,0.3607518800381301,True,folding_spec_dec_results,folding_spec_dec_results/PA/folding_spec_dec_results.csv
P15378,248,PA,12,2,8.77354847100014,0.3926502225720826,1.8077739000000292,0.0926727522032533,4.507077117302174,0.1850580876318411,True,folding_spec_dec_results,folding_spec_dec_results/PA/folding_spec_dec_results.csv
P15378,248,PU,1,1,8.866254458000185,0.1558759104143517,5.847150366000278,0.2454940012840051,1.5052863572961637,0.0957327508858828,True,folding_spec_dec_results,folding_spec_dec_results/PU/folding_spec_dec_results.csv
P15378,248,PU,1,2,8.466480937999222,0.683321519954587,5.86384597399956,0.3761147269806535,1.4438443600905977,0.2156771326338799,True,folding_spec_dec_results,folding_spec_dec_results/PU/folding_spec_dec_results.csv
P15378,248,PU,4,1,8.866254458000185,0.1558759104143517,3.0367507189994285,0.2958429524581679,2.9196517193619056,0.2139679950700505,True,folding_spec_dec_results,folding_spec_dec_results/PU/folding_spec_dec_results.csv
P15378,248,PU,4,2,8.466480937999222,0.683321519954587,3.0271837130003405,0.0756451422366939,2.818005810487642,0.1806544850540374,True,folding_spec_dec_results,folding_spec_dec_results/PU/folding_spec_dec_results.csv
P15378,248,PU,8,1,8.866254458000185,0.1558759104143517,2.0071163259999594,0.0780574520045163,4.385214529414209,0.0991667475828699,True,folding_spec_dec_results,folding_spec_dec_results/PU/folding_spec_dec_results.csv
P15378,248,PU,8,2,8.466480937999222,0.683321519954587,2.0214538379996156,0.2696565271304354,4.004965296170691,0.1943211153089805,True,folding_spec_dec_results,folding_spec_dec_results/PU/folding_spec_dec_results.csv
P15378,248,PU,12,1,8.866254458000185,0.1558759104143517,1.7912494780002817,0.1850812105091797,4.949759688359162,0.4810621254972561,True,folding_spec_dec_results,folding_spec_dec_results/PU/folding_spec_dec_results.csv
P15378,248,PU,12,2,8.466480937999222,0.683321519954587,1.855365256999903,0.0487513427627782,4.563242146556841,0.2398266410094687,True,folding_spec_dec_results,folding_spec_dec_results/PU/folding_spec_dec_results.csv
P05089,322,PA,1,1,11.533654256999398,0.0475822714331456,6.630670145999829,0.0615760656022244,1.747184169007313,0.0185017120605636,True,folding_spec_dec_results,folding_spec_dec_results/PA/folding_spec_dec_results.csv
P05089,322,PA,1,2,11.634544301999997,0.2000301425780759,6.6993316650005,0.0812545496289856,1.7386051852720643,0.0124044634625049,True,folding_spec_dec_results,folding_spec_dec_results/PA/folding_spec_dec_results.csv
P05089,322,PA,4,1,11.533654256999398,0.0475822714331456,3.263014304000535,0.2957569142610037,3.5346624876448924,0.2760567480460824,True,folding_spec_dec_results,folding_spec_dec_results/PA/folding_spec_dec_results.csv
P05089,322,PA,4,2,11.634544301999997,0.2000301425780759,3.9243277020004825,0.2412297344791047,2.964722924660221,0.2442463014378754,True,folding_spec_dec_results,folding_spec_dec_results/PA/folding_spec_dec_results.csv
P05089,322,PA,8,1,11.533654256999398,0.0475822714331456,2.396133841999472,0.1080960661403212,4.78634119596157,0.2159481616277734,True,folding_spec_dec_results,folding_spec_dec_results/PA/folding_spec_dec_results.csv
P05089,322,PA,8,2,11.634544301999997,0.2000301425780759,2.4065685949999533,0.2261255434745065,4.834495192105763,0.4260002284499292,True,folding_spec_dec_results,folding_spec_dec_results/PA/folding_spec_dec_results.csv
P05089,322,PA,12,1,11.533654256999398,0.0475822714331456,1.629272041999684,0.2154149972027098,7.079022999034335,0.7708838193692183,True,folding_spec_dec_results,folding_spec_dec_results/PA/folding_spec_dec_results.csv
P05089,322,PA,12,2,11.634544301999997,0.2000301425780759,1.6745639809996646,0.0378679078180512,7.036930125233515,0.1182163545935792,True,folding_spec_dec_results,folding_spec_dec_results/PA/folding_spec_dec_results.csv
P05089,322,PU,1,1,11.609006718000272,0.0383514811276272,6.951052111000536,0.3283245044865381,1.670107853115961,0.0724390842258915,True,folding_spec_dec_results,folding_spec_dec_results/PU/folding_spec_dec_results.csv
P05089,322,PU,1,2,11.53888540999924,0.1109987255146047,7.440117713999825,0.204685164213938,1.562453306770313,0.0510982474313834,True,folding_spec_dec_results,folding_spec_dec_results/PU/folding_spec_dec_results.csv
P05089,322,PU,4,1,11.609006718000272,0.0383514811276272,3.551083333999486,0.3139851531380044,3.2691451104092715,0.2948860144003942,True,folding_spec_dec_results,folding_spec_dec_results/PU/folding_spec_dec_results.csv
P05089,322,PU,4,2,11.53888540999924,0.1109987255146047,3.2700098790000993,0.1994412486207988,3.554985139235739,0.1860450156643538,True,folding_spec_dec_results,folding_spec_dec_results/PU/folding_spec_dec_results.csv
P05089,322,PU,8,1,11.609006718000272,0.0383514811276272,1.94602716099962,0.0170075292326356,5.938708712572157,0.0675100180399231,True,folding_spec_dec_results,folding_spec_dec_results/PU/folding_spec_dec_results.csv
P05089,322,PU,8,2,11.53888540999924,0.1109987255146047,1.961770502000036,0.0401458170835193,5.925686268168384,0.1649440454719573,True,folding_spec_dec_results,folding_spec_dec_results/PU/folding_spec_dec_results.csv
P05089,322,PU,12,1,11.609006718000272,0.0383514811276272,1.537968272999933,0.0137073956249971,7.511368069684697,0.0835946731044981,True,folding_spec_dec_results,folding_spec_dec_results/PU/folding_spec_dec_results.csv
P05089,322,PU,12,2,11.53888540999924,0.1109987255146047,1.5736797019999358,0.0188846704029722,7.260806516796648,0.0870852997154421,True,folding_spec_dec_results,folding_spec_dec_results/PU/folding_spec_dec_results.csv
P00784,345,PA,1,1,12.28419041899997,0.0942642506265555,7.981585516999985,0.0498139377107214,1.5219165786204942,0.0154989464730762,True,folding_spec_dec_results,folding_spec_dec_results/PA/folding_spec_dec_results.csv
P00784,345,PA,1,2,12.108479260000422,0.1866945659859881,8.190990029999739,0.2952302879394344,1.478682870041888,0.0349962694869757,True,folding_spec_dec_results,folding_spec_dec_results/PA/folding_spec_dec_results.csv
P00784,345,PA,4,1,12.28419041899997,0.0942642506265555,3.635324406999643,0.0168791820005251,3.3791180768757108,0.0412402273293819,True,folding_spec_dec_results,folding_spec_dec_results/PA/folding_spec_dec_results.csv
P00784,345,PA,4,2,12.108479260000422,0.1866945659859881,3.6776318800002623,0.0649581111589316,3.2699565005079383,0.0683411249924371,True,folding_spec_dec_results,folding_spec_dec_results/PA/folding_spec_dec_results.csv
P00784,345,PA,8,1,12.28419041899997,0.0942642506265555,2.517446603999815,0.025675266483027,4.825249243697722,0.0326332573512356,True,folding_spec_dec_results,folding_spec_dec_results/PA/folding_spec_dec_results.csv
P00784,345,PA,8,2,12.108479260000422,0.1866945659859881,2.7841949839994413,0.3466836986255955,4.3490054861771315,0.5449035986277448,True,folding_spec_dec_results,folding_spec_dec_results/PA/folding_spec_dec_results.csv
P00784,345,PA,12,1,12.28419041899997,0.0942642506265555,2.265552431999822,0.3207885357515277,5.422161167180144,0.6265115841311149,True,folding_spec_dec_results,folding_spec_dec_results/PA/folding_spec_dec_results.csv
P00784,345,PA,12,2,12.108479260000422,0.1866945659859881,2.6161165729999993,0.2336038620869059,4.723568726843613,0.3694186884428277,True,folding_spec_dec_results,folding_spec_dec_results/PA/folding_spec_dec_results.csv
P00784,345,PU,1,1,13.30570107300082,0.3780987386921897,8.207984321999902,0.5916257357876665,1.6361541652808644,0.0825355167820613,True,folding_spec_dec_results,folding_spec_dec_results/PU/folding_spec_dec_results.csv
P00784,345,PU,1,2,12.102167426999586,0.1052999093967069,8.020433416000742,0.4102753286023892,1.5076520936980746,0.064378312707528,True,folding_spec_dec_results,folding_spec_dec_results/PU/folding_spec_dec_results.csv
P00784,345,PU,4,1,13.30570107300082,0.3780987386921897,5.406391823999911,0.4649842308492262,2.4057028642226164,0.2745339105868186,True,folding_spec_dec_results,folding_spec_dec_results/PU/folding_spec_dec_results.csv
P00784,345,PU,4,2,12.102167426999586,0.1052999093967069,4.8050757109995175,0.2838147533498162,2.516510448382555,0.1816362648079124,True,folding_spec_dec_results,folding_spec_dec_results/PU/folding_spec_dec_results.csv
P00784,345,PU,8,1,13.30570107300082,0.3780987386921897,3.3800330869999016,0.3702275161991987,3.856688350480752,0.3186731460815132,True,folding_spec_dec_results,folding_spec_dec_results/PU/folding_spec_dec_results.csv
P00784,345,PU,8,2,12.102167426999586,0.1052999093967069,3.523207038999317,0.132510712594302,3.496898482156476,0.1308271523691212,True,folding_spec_dec_results,folding_spec_dec_results/PU/folding_spec_dec_results.csv
P00784,345,PU,12,1,13.30570107300082,0.3780987386921897,3.3621855940000387,0.1444671454197032,3.957455857506915,0.0629206506030244,True,folding_spec_dec_results,folding_spec_dec_results/PU/folding_spec_dec_results.csv
P00784,345,PU,12,2,12.102167426999586,0.1052999093967069,3.269860332000462,0.3606604983069431,3.7011267143620232,0.3196320990828772,True,folding_spec_dec_results,folding_spec_dec_results/PU/folding_spec_dec_results.csv
P02572,376,PA,1,1,13.430323927000243,0.0674720954652175,7.942917805999968,0.3419783453770602,1.7018930263622782,0.0753145087848516,True,folding_spec_dec_results,folding_spec_dec_results/PA/folding_spec_dec_results.csv
P02572,376,PA,1,2,13.358998490999513,0.1709629889850811,8.490770454000085,0.4866628089685864,1.5733552759874645,0.0784935427686011,True,folding_spec_dec_results,folding_spec_dec_results/PA/folding_spec_dec_results.csv
P02572,376,PA,4,1,13.430323927000243,0.0674720954652175,3.811092293999536,0.3694371421067712,3.5470136591244037,0.3101945806682813,True,folding_spec_dec_results,folding_spec_dec_results/PA/folding_spec_dec_results.csv
P02572,376,PA,4,2,13.358998490999513,0.1709629889850811,3.5537444340006914,0.4430327391448221,3.759133145081111,0.4273386799829453,True,folding_spec_dec_results,folding_spec_dec_results/PA/folding_spec_dec_results.csv
P02572,376,PA,8,1,13.430323927000243,0.0674720954652175,2.250297032999697,0.3118147617199037,5.9682449605763015,0.628496072419861,True,folding_spec_dec_results,folding_spec_dec_results/PA/folding_spec_dec_results.csv
P02572,376,PA,8,2,13.358998490999513,0.1709629889850811,2.259422975999769,0.0281699058536816,5.952868397844411,0.1073233542211798,True,folding_spec_dec_results,folding_spec_dec_results/PA/folding_spec_dec_results.csv
P02572,376,PA,12,1,13.430323927000243,0.0674720954652175,1.768226727000183,0.0205571932324782,7.557361654213722,0.1228496280025259,True,folding_spec_dec_results,folding_spec_dec_results/PA/folding_spec_dec_results.csv
P02572,376,PA,12,2,13.358998490999513,0.1709629889850811,1.7378573720015993,0.0185951624384582,7.625273109679285,0.0788069205127858,True,folding_spec_dec_results,folding_spec_dec_results/PA/folding_spec_dec_results.csv
P02572,376,PU,1,1,13.299540107999746,0.037653556852384,8.162635108999893,0.3497520753896078,1.6210093170048678,0.0756788348171815,True,folding_spec_dec_results,folding_spec_dec_results/PU/folding_spec_dec_results.csv
P02572,376,PU,1,2,13.067256649000228,0.0473399568820847,8.005776999999398,0.1575264940485879,1.6322284081858902,0.0375578521405084,True,folding_spec_dec_results,folding_spec_dec_results/PU/folding_spec_dec_results.csv
P02572,376,PU,4,1,13.299540107999746,0.037653556852384,3.46498738199989,0.2820763238260789,3.818688527333948,0.261073965760192,True,folding_spec_dec_results,folding_spec_dec_results/PU/folding_spec_dec_results.csv
P02572,376,PU,4,2,13.067256649000228,0.0473399568820847,3.7883878569991793,0.3508713500607678,3.4426103079454156,0.2699674559915745,True,folding_spec_dec_results,folding_spec_dec_results/PU/folding_spec_dec_results.csv
P02572,376,PU,8,1,13.299540107999746,0.037653556852384,2.405982238999968,0.2780460705949054,5.536094542632995,0.5945577214806202,True,folding_spec_dec_results,folding_spec_dec_results/PU/folding_spec_dec_results.csv
P02572,376,PU,8,2,13.067256649000228,0.0473399568820847,2.2432734789999813,0.2926880082911694,5.863128688109384,0.6082924305104016,True,folding_spec_dec_results,folding_spec_dec_results/PU/folding_spec_dec_results.csv
P02572,376,PU,12,1,13.299540107999746,0.037653556852384,1.9655055020002692,0.174587425407866,6.731961599463414,0.6715977566959115,True,folding_spec_dec_results,folding_spec_dec_results/PU/folding_spec_dec_results.csv
P02572,376,PU,12,2,13.067256649000228,0.0473399568820847,1.7173120549996383,0.0373892358231182,7.658830002216751,0.1658814763201697,True,folding_spec_dec_results,folding_spec_dec_results/PU/folding_spec_dec_results.csv
O65508,377,PA,1,1,13.51912766300029,0.0508875598866243,8.786349750999761,0.4985404642939797,1.5402762683627556,0.0918153809178105,True,folding_spec_dec_results,folding_spec_dec_results/PA/folding_spec_dec_results.csv
O65508,377,PA,1,2,13.45679040899995,0.1545164315303382,9.23683837200042,0.7072975390879543,1.4893853268713562,0.1256160214290442,True,folding_spec_dec_results,folding_spec_dec_results/PA/folding_spec_dec_results.csv
O65508,377,PA,4,1,13.51912766300029,0.0508875598866243,3.717467895000482,0.3805057661849764,3.640490352371472,0.3178236944703194,True,folding_spec_dec_results,folding_spec_dec_results/PA/folding_spec_dec_results.csv
O65508,377,PA,4,2,13.45679040899995,0.1545164315303382,3.8256306439998298,0.3794717588437517,3.515562473103085,0.3111266376096875,True,folding_spec_dec_results,folding_spec_dec_results/PA/folding_spec_dec_results.csv
O65508,377,PA,8,1,13.51912766300029,0.0508875598866243,2.483783613000014,0.0165196933176037,5.40265605617391,0.043642977654684,True,folding_spec_dec_results,folding_spec_dec_results/PA/folding_spec_dec_results.csv
O65508,377,PA,8,2,13.45679040899995,0.1545164315303382,2.5731911179991585,0.2011061489415268,5.226678824562687,0.3220284416639714,True,folding_spec_dec_results,folding_spec_dec_results/PA/folding_spec_dec_results.csv
O65508,377,PA,12,1,13.51912766300029,0.0508875598866243,2.0769167909993484,0.2435089798176238,6.4610333149375805,0.5975684199031335,True,folding_spec_dec_results,folding_spec_dec_results/PA/folding_spec_dec_results.csv
O65508,377,PA,12,2,13.45679040899995,0.1545164315303382,2.1240847839999333,0.2942302132429895,6.331782812676751,0.6376702952351839,True,folding_spec_dec_results,folding_spec_dec_results/PA/folding_spec_dec_results.csv
O65508,377,PU,1,1,13.395778952999535,0.0387384862243134,8.707233711999834,0.4908489033508162,1.5384655329210015,0.0908027904254449,True,folding_spec_dec_results,folding_spec_dec_results/PU/folding_spec_dec_results.csv
O65508,377,PU,1,2,13.247750892000113,0.1865576544545641,8.369966611000564,0.1891424855526919,1.5524490137060885,0.020762071269977,True,folding_spec_dec_results,folding_spec_dec_results/PU/folding_spec_dec_results.csv
O65508,377,PU,4,1,13.395778952999535,0.0387384862243134,3.91008685000088,0.4324344688545609,3.4371532279383885,0.3190690850011649,True,folding_spec_dec_results,folding_spec_dec_results/PU/folding_spec_dec_results.csv
O65508,377,PU,4,2,13.247750892000113,0.1865576544545641,4.028191409999636,0.172014023302889,3.225751978355441,0.1588576236592983,True,folding_spec_dec_results,folding_spec_dec_results/PU/folding_spec_dec_results.csv
O65508,377,PU,8,1,13.395778952999535,0.0387384862243134,2.678888503000053,0.2936259823029143,4.998196867400439,0.4352624515817012,True,folding_spec_dec_results,folding_spec_dec_results/PU/folding_spec_dec_results.csv
O65508,377,PU,8,2,13.247750892000113,0.1865576544545641,2.7605893559994,0.3404815470020047,4.8721280927820825,0.5296537724211247,True,folding_spec_dec_results,folding_spec_dec_results/PU/folding_spec_dec_results.csv
O65508,377,PU,12,1,13.395778952999535,0.0387384862243134,2.272877432000314,0.1932308014059324,5.871310763667447,0.4197949887335912,True,folding_spec_dec_results,folding_spec_dec_results/PU/folding_spec_dec_results.csv
O65508,377,PU,12,2,13.247750892000113,0.1865576544545641,2.2620739150006557,0.2878454218215232,5.792318493485559,0.5317680953952434,True,folding_spec_dec_results,folding_spec_dec_results/PU/folding_spec_dec_results.csv
P04637,393,PA,1,1,14.018906519000666,0.1024141684896308,8.548108296000464,0.3173419709505809,1.6553778394011174,0.0560749021366727,True,folding_spec_dec_results,folding_spec_dec_results/PA/folding_spec_dec_results.csv
P04637,393,PA,1,2,13.798669616000552,0.144300069083277,9.027088247001302,0.4720266030540003,1.5285847704639772,0.1061880010810884,True,folding_spec_dec_results,folding_spec_dec_results/PA/folding_spec_dec_results.csv
P04637,393,PA,4,1,14.018906519000666,0.1024141684896308,3.7648613119999936,0.3323223673012686,3.723618310803978,0.3000519511488074,True,folding_spec_dec_results,folding_spec_dec_results/PA/folding_spec_dec_results.csv
P04637,393,PA,4,2,13.798669616000552,0.144300069083277,3.777831344999868,0.4171270232687089,3.62676561121081,0.2967243742291006,True,folding_spec_dec_results,folding_spec_dec_results/PA/folding_spec_dec_results.csv
P04637,393,PA,8,1,14.018906519000666,0.1024141684896308,2.5135540780001975,0.3104616499145574,5.529852858013297,0.5195139370650586,True,folding_spec_dec_results,folding_spec_dec_results/PA/folding_spec_dec_results.csv
P04637,393,PA,8,2,13.798669616000552,0.144300069083277,2.547987481999371,0.2881104645990284,5.40002892475721,0.5114509046732014,True,folding_spec_dec_results,folding_spec_dec_results/PA/folding_spec_dec_results.csv
P04637,393,PA,12,1,14.018906519000666,0.1024141684896308,2.0746722039993983,0.0376262624169476,6.699653166994664,0.1611542534415556,True,folding_spec_dec_results,folding_spec_dec_results/PA/folding_spec_dec_results.csv
P04637,393,PA,12,2,13.798669616000552,0.144300069083277,2.0236080380000203,0.1385707949331809,6.8385986106588375,0.4301329192014254,True,folding_spec_dec_results,folding_spec_dec_results/PA/folding_spec_dec_results.csv
P04637,393,PU,1,1,14.028359431000354,0.705251683238383,9.3048908210003,0.4193702001372034,1.507632889075884,0.1571843026186442,True,folding_spec_dec_results,folding_spec_dec_results/PU/folding_spec_dec_results.csv
P04637,393,PU,1,2,14.011288020999928,0.0638706581497309,8.900911020000422,0.3192656157876224,1.5797014415046664,0.0597368753387259,True,folding_spec_dec_results,folding_spec_dec_results/PU/folding_spec_dec_results.csv
P04637,393,PU,4,1,14.028359431000354,0.705251683238383,3.984572064000531,0.4781599259220061,3.5136932785055266,0.196284789863427,True,folding_spec_dec_results,folding_spec_dec_results/PU/folding_spec_dec_results.csv
P04637,393,PU,4,2,14.011288020999928,0.0638706581497309,4.019045143000767,0.1689452776285906,3.498537953346087,0.1323050658411695,True,folding_spec_dec_results,folding_spec_dec_results/PU/folding_spec_dec_results.csv
P04637,393,PU,8,1,14.028359431000354,0.705251683238383,2.7638395539997873,0.0179470362224581,5.0756779317014695,0.2845623140090821,True,folding_spec_dec_results,folding_spec_dec_results/PU/folding_spec_dec_results.csv
P04637,393,PU,8,2,14.011288020999928,0.0638706581497309,2.7440020340000046,0.3811410142499943,5.106150741650618,0.5376526676931693,True,folding_spec_dec_results,folding_spec_dec_results/PU/folding_spec_dec_results.csv
P04637,393,PU,12,1,14.028359431000354,0.705251683238383,2.55094142300004,0.2564132410298524,5.488391051541343,0.8038580350018681,True,folding_spec_dec_results,folding_spec_dec_results/PU/folding_spec_dec_results.csv
P04637,393,PU,12,2,14.011288020999928,0.0638706581497309,2.274838837000061,0.0668068941471216,6.159244247595704,0.1984456241576724,True,folding_spec_dec_results,folding_spec_dec_results/PU/folding_spec_dec_results.csv
P0AEX9,396,PA,1,1,14.032298116000677,0.1561921484152536,9.238855209000576,0.4151905083433356,1.5182780152244495,0.0932290331463232,True,folding_spec_dec_results,folding_spec_dec_results/PA/folding_spec_dec_results.csv
P0AEX9,396,PA,1,2,13.79208292399926,0.1201785501570982,8.398845724001148,0.2905769199152423,1.62658084907559,0.0557498598989721,True,folding_spec_dec_results,folding_spec_dec_results/PA/folding_spec_dec_results.csv
P0AEX9,396,PA,4,1,14.032298116000677,0.1561921484152536,4.038649604000057,0.3358748668853165,3.4488656060192775,0.2178954313473589,True,folding_spec_dec_results,folding_spec_dec_results/PA/folding_spec_dec_results.csv
P0AEX9,396,PA,4,2,13.79208292399926,0.1201785501570982,4.114387521998651,0.4510085540706994,3.320397394741359,0.2961083117583789,True,folding_spec_dec_results,folding_spec_dec_results/PA/folding_spec_dec_results.csv
P0AEX9,396,PA,8,1,14.032298116000677,0.1561921484152536,2.7750640660005956,0.0061317181664938,5.033816868644209,0.0594045992991608,True,folding_spec_dec_results,folding_spec_dec_results/PA/folding_spec_dec_results.csv
P0AEX9,396,PA,8,2,13.79208292399926,0.1201785501570982,2.810749024998586,0.2627263783670825,4.964933549698984,0.4304388957168888,True,folding_spec_dec_results,folding_spec_dec_results/PA/folding_spec_dec_results.csv
P0AEX9,396,PA,12,1,14.032298116000677,0.1561921484152536,2.575312675999158,0.3016542901224822,5.448774530089436,0.5991163209610224,True,folding_spec_dec_results,folding_spec_dec_results/PA/folding_spec_dec_results.csv
P0AEX9,396,PA,12,2,13.79208292399926,0.1201785501570982,2.4052653259986982,0.1978222427554354,5.68905086375971,0.4079116811180926,True,folding_spec_dec_results,folding_spec_dec_results/PA/folding_spec_dec_results.csv
P0AEX9,396,PU,1,1,14.025324571000056,0.0831644235265992,9.324427434000429,0.5316206928091122,1.5041486107617033,0.0873785878306228,True,folding_spec_dec_results,folding_spec_dec_results/PU/folding_spec_dec_results.csv
P0AEX9,396,PU,1,2,14.082491940000182,0.0765531088400833,9.09108499300055,0.2748203659822624,1.54904414058857,0.0545628069141138,True,folding_spec_dec_results,folding_spec_dec_results/PU/folding_spec_dec_results.csv
P0AEX9,396,PU,4,1,14.025324571000056,0.0831644235265992,4.105589891000818,0.366932268573351,3.4401973221825273,0.2760849177185725,True,folding_spec_dec_results,folding_spec_dec_results/PU/folding_spec_dec_results.csv
P0AEX9,396,PU,4,2,14.082491940000182,0.0765531088400833,4.2523603579993505,0.2172813234077681,3.3116882753148675,0.1443022307745952,True,folding_spec_dec_results,folding_spec_dec_results/PU/folding_spec_dec_results.csv
P0AEX9,396,PU,8,1,14.025324571000056,0.0831644235265992,3.012160044000666,0.2671689834314819,4.68900693943258,0.3603669702757496,True,folding_spec_dec_results,folding_spec_dec_results/PU/folding_spec_dec_results.csv
P0AEX9,396,PU,8,2,14.082491940000182,0.0765531088400833,3.0106748650014197,0.3483863351691734,4.677520015099186,0.4583530646030879,True,folding_spec_dec_results,folding_spec_dec_results/PU/folding_spec_dec_results.csv
P0AEX9,396,PU,12,1,14.025324571000056,0.0831644235265992,2.810337380000419,0.3007054617122241,4.990619514514647,0.5188240335133251,True,folding_spec_dec_results,folding_spec_dec_results/PU/folding_spec_dec_results.csv
P0AEX9,396,PU,12,2,14.082491940000182,0.0765531088400833,2.517337608998787,0.050269730354098,5.600630353513808,0.1362808217383264,True,folding_spec_dec_results,folding_spec_dec_results/PU/folding_spec_dec_results.csv
P0DTC9,419,PA,1,1,14.72015991599983,0.0607920519641708,9.463907925000058,0.202193810469321,1.5553997389508352,0.0396250357279411,True,folding_spec_dec_results,folding_spec_dec_results/PA/folding_spec_dec_results.csv
P0DTC9,419,PA,1,2,14.611679665000338,0.0381837365942228,9.071048705000068,0.2001217949835889,1.604881737100179,0.0318612606357269,True,folding_spec_dec_results,folding_spec_dec_results/PA/folding_spec_dec_results.csv
P0DTC9,419,PA,4,1,14.72015991599983,0.0607920519641708,4.324374357000124,0.169043742093241,3.403997596131201,0.1160149829224419,True,folding_spec_dec_results,folding_spec_dec_results/PA/folding_spec_dec_results.csv
P0DTC9,419,PA,4,2,14.611679665000338,0.0381837365942228,4.594074427999658,0.2634704755910996,3.1805491822130807,0.212176768581235,True,folding_spec_dec_results,folding_spec_dec_results/PA/folding_spec_dec_results.csv
P0DTC9,419,PA,8,1,14.72015991599983,0.0607920519641708,2.9009789519996048,0.4066524485370048,5.0742043150135325,0.5776415458860114,True,folding_spec_dec_results,folding_spec_dec_results/PA/folding_spec_dec_results.csv
P0DTC9,419,PA,8,2,14.611679665000338,0.0381837365942228,2.9017318749993137,0.2933987367198142,5.035503035580706,0.4148142690763421,True,folding_spec_dec_results,folding_spec_dec_results/PA/folding_spec_dec_results.csv
P0DTC9,419,PA,12,1,14.72015991599983,0.0607920519641708,2.3541322720002427,0.0032714178375496,6.263139967341795,0.0236783547930359,True,folding_spec_dec_results,folding_spec_dec_results/PA/folding_spec_dec_results.csv
P0DTC9,419,PA,12,2,14.611679665000338,0.0381837365942228,2.3945358359997044,0.0647408425653404,6.102092708460155,0.1472625885641667,True,folding_spec_dec_results,folding_spec_dec_results/PA/folding_spec_dec_results.csv
P0DTC9,419,PU,1,1,14.700397065999825,0.0794008598959676,10.261221570000089,0.0633405317591594,1.4253961589284234,0.0144036292064943,True,folding_spec_dec_results,folding_spec_dec_results/PU/folding_spec_dec_results.csv
P0DTC9,419,PU,1,2,14.758272463999674,0.1634982944860008,9.461167495999687,0.2206113556384641,1.580584853541892,0.0484946493737237,True,folding_spec_dec_results,folding_spec_dec_results/PU/folding_spec_dec_results.csv
P0DTC9,419,PU,4,1,14.700397065999825,0.0794008598959676,5.892759205999937,0.1494416741313478,2.494654295568713,0.0514936995368275,True,folding_spec_dec_results,folding_spec_dec_results/PU/folding_spec_dec_results.csv
P0DTC9,419,PU,4,2,14.758272463999674,0.1634982944860008,6.4762100230000215,0.101249842644555,2.3036693678964686,0.0174415504643444,True,folding_spec_dec_results,folding_spec_dec_results/PU/folding_spec_dec_results.csv
P0DTC9,419,PU,8,1,14.700397065999825,0.0794008598959676,5.249863758999709,0.1563294559224087,2.80014829733425,0.1012687809232533,True,folding_spec_dec_results,folding_spec_dec_results/PU/folding_spec_dec_results.csv
P0DTC9,419,PU,8,2,14.758272463999674,0.1634982944860008,4.480513395999878,0.0230892173061298,3.293879776629079,0.0532556889040225,True,folding_spec_dec_results,folding_spec_dec_results/PU/folding_spec_dec_results.csv
P0DTC9,419,PU,12,1,14.700397065999825,0.0794008598959676,4.153699283000606,0.0446543877442901,3.5542257258294336,0.0262534681140946,True,folding_spec_dec_results,folding_spec_dec_results/PU/folding_spec_dec_results.csv
P0DTC9,419,PU,12,2,14.758272463999674,0.1634982944860008,4.211399390000224,0.0605554097324328,3.4557923393724246,0.0800875407156771,True,folding_spec_dec_results,folding_spec_dec_results/PU/folding_spec_dec_results.csv
O59010,425,PA,1,1,14.939442195000083,0.2880949596846696,9.61027126299996,0.3205876527440132,1.554528668979169,0.0854946313870951,True,folding_spec_dec_results,folding_spec_dec_results/PA/folding_spec_dec_results.csv
O59010,425,PA,1,2,14.690255792998869,0.1856901957936123,9.603260720001344,0.409688647069528,1.529018099030531,0.0928819776092307,True,folding_spec_dec_results,folding_spec_dec_results/PA/folding_spec_dec_results.csv
O59010,425,PA,4,1,14.939442195000083,0.2880949596846696,4.591669093000746,0.4014190715567966,3.246590172127841,0.1878264349323015,True,folding_spec_dec_results,folding_spec_dec_results/PA/folding_spec_dec_results.csv
O59010,425,PA,4,2,14.690255792998869,0.1856901957936123,4.5688807320002525,0.4084878020518284,3.209749915178881,0.2142054337044436,True,folding_spec_dec_results,folding_spec_dec_results/PA/folding_spec_dec_results.csv
O59010,425,PA,8,1,14.939442195000083,0.2880949596846696,3.365055399000994,0.2944360179605675,4.484420365469181,0.3797173185437208,True,folding_spec_dec_results,folding_spec_dec_results/PA/folding_spec_dec_results.csv
O59010,425,PA,8,2,14.690255792998869,0.1856901957936123,3.3404936019996967,0.2912065379163435,4.403427494239469,0.3565383008880936,True,folding_spec_dec_results,folding_spec_dec_results/PA/folding_spec_dec_results.csv
O59010,425,PA,12,1,14.939442195000083,0.2880949596846696,3.118775430999449,0.1007718249420395,4.779846475262943,0.2638996472069916,True,folding_spec_dec_results,folding_spec_dec_results/PA/folding_spec_dec_results.csv
O59010,425,PA,12,2,14.690255792998869,0.1856901957936123,3.2272218970010726,0.153466898872153,4.551981940457807,0.3040306889418649,True,folding_spec_dec_results,folding_spec_dec_results/PA/folding_spec_dec_results.csv
O59010,425,PU,1,1,14.972378483000284,0.0374638219736516,10.122426620000624,0.0589912046231645,1.4807629950168884,0.0057491463256164,True,folding_spec_dec_results,folding_spec_dec_results/PU/folding_spec_dec_results.csv
O59010,425,PU,1,2,14.650200316000335,0.1585541247618464,9.338279102999875,0.2828755645155096,1.5551133183986772,0.0522012421016952,True,folding_spec_dec_results,folding_spec_dec_results/PU/folding_spec_dec_results.csv
O59010,425,PU,4,1,14.972378483000284,0.0374638219736516,4.984216324999579,0.0577458661944072,3.0039583972113304,0.027598748316675,True,folding_spec_dec_results,folding_spec_dec_results/PU/folding_spec_dec_results.csv
O59010,425,PU,4,2,14.650200316000335,0.1585541247618464,5.314753190999909,0.3430632416319082,2.732409517828805,0.1690926199031994,True,folding_spec_dec_results,folding_spec_dec_results/PU/folding_spec_dec_results.csv
O59010,425,PU,8,1,14.972378483000284,0.0374638219736516,4.282104038999023,0.3032763389321137,3.496500399485903,0.2545567911467231,True,folding_spec_dec_results,folding_spec_dec_results/PU/folding_spec_dec_results.csv
O59010,425,PU,8,2,14.650200316000335,0.1585541247618464,3.712224580000111,0.1479707584285315,3.911962191683653,0.1664033945411113,True,folding_spec_dec_results,folding_spec_dec_results/PU/folding_spec_dec_results.csv
O59010,425,PU,12,1,14.972378483000284,0.0374638219736516,3.5859744690005755,0.2833161891880961,4.175260758945989,0.337839858570517,True,folding_spec_dec_results,folding_spec_dec_results/PU/folding_spec_dec_results.csv
O59010,425,PU,12,2,14.650200316000335,0.1585541247618464,3.342676541999026,0.241444137379178,4.344447337795508,0.3278707831033009,True,folding_spec_dec_results,folding_spec_dec_results/PU/folding_spec_dec_results.csv
P60705,429,PA,1,1,15.378445688000284,0.1413104998970397,9.883624698000858,0.4598909977235589,1.5840369805995735,0.0758177172378965,True,folding_spec_dec_results,folding_spec_dec_results/PA/folding_spec_dec_results.csv
P60705,429,PA,1,2,14.749470951001058,0.0885243531488612,8.882965345999764,0.2053024874406523,1.660421984832254,0.0293083533149651,True,folding_spec_dec_results,folding_spec_dec_results/PA/folding_spec_dec_results.csv
P60705,429,PA,4,1,15.378445688000284,0.1413104998970397,4.276087547001225,0.3445755218197485,3.6612971207710783,0.2661424711892047,True,folding_spec_dec_results,folding_spec_dec_results/PA/folding_spec_dec_results.csv
P60705,429,PA,4,2,14.749470951001058,0.0885243531488612,4.063270611000917,0.2030616480587115,3.629950442155705,0.1859716014076279,True,folding_spec_dec_results,folding_spec_dec_results/PA/folding_spec_dec_results.csv
P60705,429,PA,8,1,15.378445688000284,0.1413104998970397,2.7481547400002455,0.2510447519965487,5.696923392312054,0.4717776165983302,True,folding_spec_dec_results,folding_spec_dec_results/PA/folding_spec_dec_results.csv
P60705,429,PA,8,2,14.749470951001058,0.0885243531488612,2.576345465999111,0.3012745277810954,5.671028726756084,0.517380811190932,True,folding_spec_dec_results,folding_spec_dec_results/PA/folding_spec_dec_results.csv
P60705,429,PA,12,1,15.378445688000284,0.1413104998970397,2.58969578200049,0.2304787943380221,5.922762948299822,0.5200136183187588,True,folding_spec_dec_results,folding_spec_dec_results/PA/folding_spec_dec_results.csv
P60705,429,PA,12,2,14.749470951001058,0.0885243531488612,2.200494570999581,0.1243654273382095,6.626323482986718,0.3211563939108821,True,folding_spec_dec_results,folding_spec_dec_results/PA/folding_spec_dec_results.csv
P60705,429,PU,1,1,15.082385322000846,0.2259599786495781,9.580323789999966,0.2043598548377412,1.5743085153075915,0.0552326405554531,True,folding_spec_dec_results,folding_spec_dec_results/PU/folding_spec_dec_results.csv
P60705,429,PU,1,2,14.751089618999686,0.1567578469960104,9.411212035000062,0.4208193787353209,1.5673953114796215,0.0947665355131065,True,folding_spec_dec_results,folding_spec_dec_results/PU/folding_spec_dec_results.csv
P60705,429,PU,4,1,15.082385322000846,0.2259599786495781,4.644141524000588,0.2194960342574064,3.247615354539944,0.1016733650577981,True,folding_spec_dec_results,folding_spec_dec_results/PU/folding_spec_dec_results.csv
P60705,429,PU,4,2,14.751089618999686,0.1567578469960104,4.317097929999363,0.413224942154728,3.4168994676944613,0.2418386573618404,True,folding_spec_dec_results,folding_spec_dec_results/PU/folding_spec_dec_results.csv
P60705,429,PU,8,1,15.082385322000846,0.2259599786495781,3.22638550100055,0.0729536095843595,4.7511230277085446,0.0920157801554912,True,folding_spec_dec_results,folding_spec_dec_results/PU/folding_spec_dec_results.csv
P60705,429,PU,8,2,14.751089618999686,0.1567578469960104,2.991401142999166,0.2026694439449165,4.939679048980054,0.3221316091550632,True,folding_spec_dec_results,folding_spec_dec_results/PU/folding_spec_dec_results.csv
P60705,429,PU,12,1,15.082385322000846,0.2259599786495781,2.5819590499995684,0.3089043702011497,5.854078528048393,0.6134561683410179,True,folding_spec_dec_results,folding_spec_dec_results/PU/folding_spec_dec_results.csv
P60705,429,PU,12,2,14.751089618999686,0.1567578469960104,2.929193215999476,0.1826912851675137,5.033487277134071,0.4050974628408545,True,folding_spec_dec_results,folding_spec_dec_results/PU/folding_spec_dec_results.csv
P0A855,430,PA,1,1,15.055624114000238,0.0466035701632275,9.628296766999483,0.341473686117564,1.569521167211667,0.0600926772625715,True,folding_spec_dec_results,folding_spec_dec_results/PA/folding_spec_dec_results.csv
P0A855,430,PA,1,2,14.715655406998849,0.1213652576145266,9.324700029999804,0.1968660139449461,1.578137136814594,0.0479024404084177,True,folding_spec_dec_results,folding_spec_dec_results/PA/folding_spec_dec_results.csv
P0A855,430,PA,4,1,15.055624114000238,0.0466035701632275,4.213720719999401,0.2719260134340975,3.5592451827234486,0.2101723694613664,True,folding_spec_dec_results,folding_spec_dec_results/PA/folding_spec_dec_results.csv
P0A855,430,PA,4,2,14.715655406998849,0.1213652576145266,4.026776585000334,0.1571444311153655,3.6544504261334945,0.105828159020014,True,folding_spec_dec_results,folding_spec_dec_results/PA/folding_spec_dec_results.csv
P0A855,430,PA,8,1,15.055624114000238,0.0466035701632275,2.8841242810012773,0.2569890921300275,5.239654781712458,0.4256503974529463,True,folding_spec_dec_results,folding_spec_dec_results/PA/folding_spec_dec_results.csv
P0A855,430,PA,8,2,14.715655406998849,0.1213652576145266,2.682447940000202,0.3007508516410337,5.4687749563554995,0.4625856067276033,True,folding_spec_dec_results,folding_spec_dec_results/PA/folding_spec_dec_results.csv
P0A855,430,PA,12,1,15.055624114000238,0.0466035701632275,2.4889301220009656,0.2937827304075129,6.0257477867408085,0.6125287905491007,True,folding_spec_dec_results,folding_spec_dec_results/PA/folding_spec_dec_results.csv
P0A855,430,PA,12,2,14.715655406998849,0.1213652576145266,2.269204719001209,0.0184993459619718,6.484939540173329,0.107830891071298,True,folding_spec_dec_results,folding_spec_dec_results/PA/folding_spec_dec_results.csv
P0A855,430,PU,1,1,15.030521931001203,0.4297400009317959,9.6220046870003,0.3186335594434886,1.5620987954109002,0.1030678797659218,True,folding_spec_dec_results,folding_spec_dec_results/PU/folding_spec_dec_results.csv
P0A855,430,PU,1,2,14.719412098998871,0.1749894076103405,8.721097298999666,0.3835054060056377,1.7096447436856983,0.0804725336374367,True,folding_spec_dec_results,folding_spec_dec_results/PU/folding_spec_dec_results.csv
P0A855,430,PU,4,1,15.030521931001203,0.4297400009317959,4.104799418000766,0.2361613452178297,3.6589915675624383,0.1000702892874415,True,folding_spec_dec_results,folding_spec_dec_results/PU/folding_spec_dec_results.csv
P0A855,430,PU,4,2,14.719412098998871,0.1749894076103405,4.406108299999687,0.2793003007585217,3.4184086199154806,0.2173710723736151,True,folding_spec_dec_results,folding_spec_dec_results/PU/folding_spec_dec_results.csv
P0A855,430,PU,8,1,15.030521931001203,0.4297400009317959,4.804028927001127,0.2702119486385343,3.126422984795754,0.2409448446554228,True,folding_spec_dec_results,folding_spec_dec_results/PU/folding_spec_dec_results.csv
P0A855,430,PU,8,2,14.719412098998871,0.1749894076103405,4.625687822001055,0.3397717366175254,3.256138151252145,0.2367700480763337,True,folding_spec_dec_results,folding_spec_dec_results/PU/folding_spec_dec_results.csv
P0A855,430,PU,12,1,15.030521931001203,0.4297400009317959,4.132332380000662,0.1732746759978667,3.68704160933791,0.2056788040292187,True,folding_spec_dec_results,folding_spec_dec_results/PU/folding_spec_dec_results.csv
P0A855,430,PU,12,2,14.719412098998871,0.1749894076103405,4.000401747000069,0.0612706066435944,3.666484629199944,0.0832016975486503,True,folding_spec_dec_results,folding_spec_dec_results/PU/folding_spec_dec_results.csv
P0A6P9,432,PA,1,1,15.280423264001,0.654721903667844,9.473652675000269,0.3019955342467685,1.6105804597697997,0.1204863812381385,True,folding_spec_dec_results,folding_spec_dec_results/PA/folding_spec_dec_results.csv
P0A6P9,432,PA,1,2,14.716278066998711,0.0137015444538023,8.697953309001605,0.3814819198511289,1.6946581310969175,0.0697055240159634,True,folding_spec_dec_results,folding_spec_dec_results/PA/folding_spec_dec_results.csv
P0A6P9,432,PA,4,1,15.280423264001,0.654721903667844,4.474978620999536,0.4427534553179312,3.4146360369846747,0.1615786936622193,True,folding_spec_dec_results,folding_spec_dec_results/PA/folding_spec_dec_results.csv
P0A6P9,432,PA,4,2,14.716278066998711,0.0137015444538023,4.727346216999649,0.3193519494937561,3.1180405712607455,0.2341773078386275,True,folding_spec_dec_results,folding_spec_dec_results/PA/folding_spec_dec_results.csv
P0A6P9,432,PA,8,1,15.280423264001,0.654721903667844,2.9083255950008606,0.3020764637257607,5.379370530227839,0.5834214287495835,True,folding_spec_dec_results,folding_spec_dec_results/PA/folding_spec_dec_results.csv
P0A6P9,432,PA,8,2,14.716278066998711,0.0137015444538023,2.796905573000913,0.1552360964035054,5.261628497242766,0.2684127780638807,True,folding_spec_dec_results,folding_spec_dec_results/PA/folding_spec_dec_results.csv
P0A6P9,432,PA,12,1,15.280423264001,0.654721903667844,2.4277247310001258,0.1599852926610895,6.351531234939647,0.5402114774685488,True,folding_spec_dec_results,folding_spec_dec_results/PA/folding_spec_dec_results.csv
P0A6P9,432,PA,12,2,14.716278066998711,0.0137015444538023,2.32982697099942,0.227898009264205,6.316468239993765,0.5157018198768492,True,folding_spec_dec_results,folding_spec_dec_results/PA/folding_spec_dec_results.csv
P0A6P9,432,PU,1,1,17.338987319000807,3.891565532862199,14.901278899998944,2.8081226327120143,1.4602591448445126,0.1585843991840822,True,folding_spec_dec_results,folding_spec_dec_results/PU/folding_spec_dec_results.csv
P0A6P9,432,PU,1,2,14.934793492000608,0.1072210648251396,9.51053723699988,0.4572686205189881,1.575306085518842,0.0712099575330897,True,folding_spec_dec_results,folding_spec_dec_results/PU/folding_spec_dec_results.csv
P0A6P9,432,PU,4,1,17.338987319000807,3.891565532862199,5.552895396998792,1.0407744082685328,3.158477189133615,0.0903034038512281,True,folding_spec_dec_results,folding_spec_dec_results/PU/folding_spec_dec_results.csv
P0A6P9,432,PU,4,2,14.934793492000608,0.1072210648251396,4.3494402109990915,0.4216459897707532,3.4337277367861554,0.2978650175736987,True,folding_spec_dec_results,folding_spec_dec_results/PU/folding_spec_dec_results.csv
P0A6P9,432,PU,8,1,17.338987319000807,3.891565532862199,3.777301139998599,0.984754974532416,4.402306053294601,0.5201373069321823,True,folding_spec_dec_results,folding_spec_dec_results/PU/folding_spec_dec_results.csv
P0A6P9,432,PU,8,2,14.934793492000608,0.1072210648251396,3.112440075001359,0.4008945105571204,4.734117007535668,0.4995785754231097,True,folding_spec_dec_results,folding_spec_dec_results/PU/folding_spec_dec_results.csv
P0A6P9,432,PU,12,1,17.338987319000807,3.891565532862199,2.7618581160004396,0.6972587828538501,5.778726498075779,0.2995339340895117,True,folding_spec_dec_results,folding_spec_dec_results/PU/folding_spec_dec_results.csv
P0A6P9,432,PU,12,2,14.934793492000608,0.1072210648251396,2.6507232769999973,0.0496921090876069,5.634233351171731,0.0701983403868389,True,folding_spec_dec_results,folding_spec_dec_results/PU/folding_spec_dec_results.csv
P56252,433,PA,1,1,14.832328151000183,0.2058097326161133,9.114553994999367,0.3605711631166685,1.6273235266517514,0.0403231025288942,True,folding_spec_dec_results,folding_spec_dec_results/PA/folding_spec_dec_results.csv
P56252,433,PA,4,1,14.832328151000183,0.2058097326161133,4.2091410599987285,0.1815932023770557,3.523837272159433,0.1871280623210339,True,folding_spec_dec_results,folding_spec_dec_results/PA/folding_spec_dec_results.csv
P56252,433,PA,8,1,14.832328151000183,0.2058097326161133,2.835025123000378,0.3967775472609749,5.1835327598253365,0.5124418370932925,True,folding_spec_dec_results,folding_spec_dec_results/PA/folding_spec_dec_results.csv
P56252,433,PA,12,1,14.832328151000183,0.2058097326161133,2.322761557999911,0.0074786526903775,6.417024124290466,0.0934229728403535,True,folding_spec_dec_results,folding_spec_dec_results/PA/folding_spec_dec_results.csv
P56252,433,PU,1,1,14.812387936999585,0.0241169705459176,9.610193816999526,0.3693461090076676,1.5379679302466809,0.0636912232547543,True,folding_spec_dec_results,folding_spec_dec_results/PU/folding_spec_dec_results.csv
P56252,433,PU,4,1,14.812387936999585,0.0241169705459176,4.169460285000241,0.2720811945828375,3.5590123012762125,0.2045070687334918,True,folding_spec_dec_results,folding_spec_dec_results/PU/folding_spec_dec_results.csv
P56252,433,PU,8,1,14.812387936999585,0.0241169705459176,3.261783101999754,0.3213011303719563,4.531315980188472,0.441429124229362,True,folding_spec_dec_results,folding_spec_dec_results/PU/folding_spec_dec_results.csv
P56252,433,PU,12,1,14.812387936999585,0.0241169705459176,2.3813413529987884,0.2429238739911016,6.231429368709254,0.5309781081053335,True,folding_spec_dec_results,folding_spec_dec_results/PU/folding_spec_dec_results.csv
P34690,448,PA,1,1,15.359182431999216,0.1715354084504399,9.72326939300001,0.3850367628111273,1.5796314810588936,0.0867588171884795,True,folding_spec_dec_results,folding_spec_dec_results/PA/folding_spec_dec_results.csv
P34690,448,PA,4,1,15.359182431999216,0.1715354084504399,4.1148552619997645,0.4410675879786643,3.716345357325692,0.2994429355661343,True,folding_spec_dec_results,folding_spec_dec_results/PA/folding_spec_dec_results.csv
P34690,448,PA,8,1,15.359182431999216,0.1715354084504399,2.7175664240003243,0.1497701294322508,5.627175517752199,0.309047114546668,True,folding_spec_dec_results,folding_spec_dec_results/PA/folding_spec_dec_results.csv
P34690,448,PA,12,1,15.359182431999216,0.1715354084504399,2.618238184999427,0.197692717928428,5.8406539697622515,0.574383313639651,True,folding_spec_dec_results,folding_spec_dec_results/PA/folding_spec_dec_results.csv
P34690,448,PU,1,1,15.425972176000869,0.2204143329418675,9.443827352999506,0.402525778729197,1.6334449582140382,0.0977081178620574,True,folding_spec_dec_results,folding_spec_dec_results/PU/folding_spec_dec_results.csv
P34690,448,PU,4,1,15.425972176000869,0.2204143329418675,4.312430637999569,0.3850174314102515,3.5770945601009365,0.2370600423524785,True,folding_spec_dec_results,folding_spec_dec_results/PU/folding_spec_dec_results.csv
P34690,448,PU,8,1,15.425972176000869,0.2204143329418675,2.735108106999178,0.2907222839155775,5.585682518692507,0.5147961564856147,True,folding_spec_dec_results,folding_spec_dec_results/PU/folding_spec_dec_results.csv
P34690,448,PU,12,1,15.425972176000869,0.2204143329418675,2.3053761110004416,0.0900840649275571,6.710196080342586,0.3140111121281734,True,folding_spec_dec_results,folding_spec_dec_results/PU/folding_spec_dec_results.csv
P00439,452,PA,1,1,15.743126583000048,0.2565587041814508,9.492613505999543,0.3627325776512516,1.6584607150654602,0.0940044480890306,True,folding_spec_dec_results,folding_spec_dec_results/PA/folding_spec_dec_results.csv
P00439,452,PA,4,1,15.743126583000048,0.2565587041814508,4.234553030000825,0.4428907915160447,3.717777642991752,0.280722944295299,True,folding_spec_dec_results,folding_spec_dec_results/PA/folding_spec_dec_results.csv
P00439,452,PA,8,1,15.743126583000048,0.2565587041814508,2.6854307379999227,0.2836919341240547,5.773917875665591,0.5367916146361169,True,folding_spec_dec_results,folding_spec_dec_results/PA/folding_spec_dec_results.csv
P00439,452,PA,12,1,15.743126583000048,0.2565587041814508,2.21439369700056,0.0423147533585753,7.191647227969738,0.221418425585731,True,folding_spec_dec_results,folding_spec_dec_results/PA/folding_spec_dec_results.csv
P00439,452,PU,1,1,15.568466806000288,0.0851670816033141,9.979332114999124,0.3861672685777828,1.55346867108466,0.0739651544605738,True,folding_spec_dec_results,folding_spec_dec_results/PU/folding_spec_dec_results.csv
P00439,452,PU,4,1,15.568466806000288,0.0851670816033141,4.559666290999303,0.3592725243443089,3.4143873284613293,0.2166738742654752,True,folding_spec_dec_results,folding_spec_dec_results/PU/folding_spec_dec_results.csv
P00439,452,PU,8,1,15.568466806000288,0.0851670816033141,3.265322826000556,0.3470795944632011,4.8102266042212865,0.4253490992218597,True,folding_spec_dec_results,folding_spec_dec_results/PU/folding_spec_dec_results.csv
P00439,452,PU,12,1,15.568466806000288,0.0851670816033141,2.8700185189991316,0.273448935734693,5.4245178917624255,0.4809212460785269,True,folding_spec_dec_results,folding_spec_dec_results/PU/folding_spec_dec_results.csv
P02994,458,PA,1,1,15.62725291300012,0.2928717555175747,9.814296966998882,0.4404987340939679,1.592294686572826,0.1111763924362953,True,folding_spec_dec_results,folding_spec_dec_results/PA/folding_spec_dec_results.csv
P02994,458,PA,4,1,15.62725291300012,0.2928717555175747,4.106063979001192,0.3991126296098491,3.805896107055176,0.2515437827867553,True,folding_spec_dec_results,folding_spec_dec_results/PA/folding_spec_dec_results.csv
P02994,458,PA,8,1,15.62725291300012,0.2928717555175747,2.6327973200004635,0.1860331953472449,5.935608029636466,0.4441500391775276,True,folding_spec_dec_results,folding_spec_dec_results/PA/folding_spec_dec_results.csv
P02994,458,PA,12,1,15.62725291300012,0.2928717555175747,2.407528865000131,0.175645057088517,6.4909929597040446,0.6777265380381524,True,folding_spec_dec_results,folding_spec_dec_results/PA/folding_spec_dec_results.csv
P02994,458,PU,1,1,15.506196213000294,0.2014579219588811,9.731084777000431,0.1575440370843352,1.5909167832541615,0.0478819939619351,True,folding_spec_dec_results,folding_spec_dec_results/PU/folding_spec_dec_results.csv
P02994,458,PU,4,1,15.506196213000294,0.2014579219588811,4.207015414000125,0.2226163292837831,3.679888131495828,0.1398389969695899,True,folding_spec_dec_results,folding_spec_dec_results/PU/folding_spec_dec_results.csv
P02994,458,PU,8,1,15.506196213000294,0.2014579219588811,3.01581650099979,0.2336862689695839,5.2790299800140685,0.4005552113055403,True,folding_spec_dec_results,folding_spec_dec_results/PU/folding_spec_dec_results.csv
P02994,458,PU,12,1,15.506196213000294,0.2014579219588811,2.2121059379987855,0.1294782776815193,7.039997209906019,0.4132608556659921,True,folding_spec_dec_results,folding_spec_dec_results/PU/folding_spec_dec_results.csv
O14926,492,PA,1,1,16.67333866700028,0.1269681199957731,10.606638491999547,0.0972829415106444,1.5719719946688828,0.0250671203591925,True,folding_spec_dec_results,folding_spec_dec_results/PA/folding_spec_dec_results.csv
O14926,492,PA,4,1,16.67333866700028,0.1269681199957731,4.668891646000702,0.0399703460545872,3.5612114740855043,0.0510997973723731,True,folding_spec_dec_results,folding_spec_dec_results/PA/folding_spec_dec_results.csv
O14926,492,PA,8,1,16.67333866700028,0.1269681199957731,3.41859645400109,0.3013310194515884,4.877246814986301,0.3780411856560737,True,folding_spec_dec_results,folding_spec_dec_results/PA/folding_spec_dec_results.csv
O14926,492,PA,12,1,16.67333866700028,0.1269681199957731,3.301250610000352,0.2450674641380202,5.050612824271012,0.4867373650150533,True,folding_spec_dec_results,folding_spec_dec_results/PA/folding_spec_dec_results.csv
O14926,492,PU,1,1,16.834076782999546,0.0624059956063102,10.758035041000769,0.1070853842720416,1.5620559515773398,0.019221720456223,True,folding_spec_dec_results,folding_spec_dec_results/PU/folding_spec_dec_results.csv
O14926,492,PU,4,1,16.834076782999546,0.0624059956063102,4.817287292999026,0.0207761027464005,3.4750827897014704,0.0197314289137676,True,folding_spec_dec_results,folding_spec_dec_results/PU/folding_spec_dec_results.csv
O14926,492,PU,8,1,16.834076782999546,0.0624059956063102,3.9852926369985657,0.151297015487071,4.224050356231245,0.1559877575621954,True,folding_spec_dec_results,folding_spec_dec_results/PU/folding_spec_dec_results.csv
O14926,492,PU,12,1,16.834076782999546,0.0624059956063102,3.3682987310003227,0.1506609486059142,4.997798036161756,0.244760292516097,True,folding_spec_dec_results,folding_spec_dec_results/PU/folding_spec_dec_results.csv
P08684,503,PA,1,1,17.28813206400082,0.186384858896775,10.670401400000628,0.1950237214070249,1.6191818079244789,0.047298533482493,True,folding_spec_dec_results,folding_spec_dec_results/PA/folding_spec_dec_results.csv
P08684,503,PA,4,1,17.28813206400082,0.186384858896775,4.758629841000584,0.3246219176412782,3.5882186916242187,0.2039371285579769,True,folding_spec_dec_results,folding_spec_dec_results/PA/folding_spec_dec_results.csv
P08684,503,PA,8,1,17.28813206400082,0.186384858896775,3.473118578998765,0.2806754200814728,4.916332153255039,0.5227051801657518,True,folding_spec_dec_results,folding_spec_dec_results/PA/folding_spec_dec_results.csv
P08684,503,PA,12,1,17.28813206400082,0.186384858896775,2.3945206129992584,0.0666417735062137,7.130865547493354,0.2164727517185272,True,folding_spec_dec_results,folding_spec_dec_results/PA/folding_spec_dec_results.csv
P08684,503,PU,1,1,17.728055940999184,0.2600172897301097,10.184106286000317,0.3693772469254074,1.7550799124681913,0.0825575587793898,True,folding_spec_dec_results,folding_spec_dec_results/PU/folding_spec_dec_results.csv
P08684,503,PU,4,1,17.728055940999184,0.2600172897301097,4.915804861999277,0.3655204649926471,3.63601096275632,0.2245514892629469,True,folding_spec_dec_results,folding_spec_dec_results/PU/folding_spec_dec_results.csv
P08684,503,PU,8,1,17.728055940999184,0.2600172897301097,3.01499064500058,0.0074376487561834,5.901318220772173,0.096034364038042,True,folding_spec_dec_results,folding_spec_dec_results/PU/folding_spec_dec_results.csv
P08684,503,PU,12,1,17.728055940999184,0.2600172897301097,2.5021868999992876,0.043536072934121,7.08502468021243,0.2178140913729362,True,folding_spec_dec_results,folding_spec_dec_results/PU/folding_spec_dec_results.csv
P0ABB0,513,PA,1,1,17.835758164001163,0.108304494754108,11.10140387699903,0.0358453107551801,1.6015216753345838,0.0074027110208146,True,folding_spec_dec_results,folding_spec_dec_results/PA/folding_spec_dec_results.csv
P0ABB0,513,PA,4,1,17.835758164001163,0.108304494754108,4.852574999000353,0.0315236344396739,3.6755244726099834,0.0457838056410215,True,folding_spec_dec_results,folding_spec_dec_results/PA/folding_spec_dec_results.csv
P0ABB0,513,PA,8,1,17.835758164001163,0.108304494754108,3.4794323250007437,0.0164829626140716,5.144068652059436,0.0496226215589437,True,folding_spec_dec_results,folding_spec_dec_results/PA/folding_spec_dec_results.csv
P0ABB0,513,PA,12,1,17.835758164001163,0.108304494754108,3.4737678619985672,0.0686215216797955,5.134412796869994,0.1311841810255443,True,folding_spec_dec_results,folding_spec_dec_results/PA/folding_spec_dec_results.csv
P0ABB0,513,PU,1,1,17.400852294998913,0.3730827652604938,11.476293132000135,0.0697319187703759,1.516243276017316,0.0422263449256816,True,folding_spec_dec_results,folding_spec_dec_results/PU/folding_spec_dec_results.csv
P0ABB0,513,PU,4,1,17.400852294998913,0.3730827652604938,5.237516826000501,0.0661173654153907,3.359626519909916,0.0896315515056032,True,folding_spec_dec_results,folding_spec_dec_results/PU/folding_spec_dec_results.csv
P0ABB0,513,PU,8,1,17.400852294998913,0.3730827652604938,4.331715493999582,0.3785626636669709,4.003594982639486,0.4305685129022118,True,folding_spec_dec_results,folding_spec_dec_results/PU/folding_spec_dec_results.csv
P0ABB0,513,PU,12,1,17.400852294998913,0.3730827652604938,3.577200437999636,0.3898207672479851,4.848046599171363,0.4037501210334007,True,folding_spec_dec_results,folding_spec_dec_results/PU/folding_spec_dec_results.csv
P0AG67,557,PA,1,1,18.77436613200007,0.5479849638697131,11.838494164001531,0.215680282851565,1.585874510044455,0.0760397615036339,True,folding_spec_dec_results,folding_spec_dec_results/PA/folding_spec_dec_results.csv
P0AG67,557,PA,4,1,18.77436613200007,0.5479849638697131,5.602228144000037,0.3384288068293814,3.460911748859579,0.2395918318413997,True,folding_spec_dec_results,folding_spec_dec_results/PA/folding_spec_dec_results.csv
P0AG67,557,PA,8,1,18.77436613200007,0.5479849638697131,3.5491859459998523,0.375973372001067,5.255009553956966,0.5457568451505846,True,folding_spec_dec_results,folding_spec_dec_results/PA/folding_spec_dec_results.csv
P0AG67,557,PA,12,1,18.77436613200007,0.5479849638697131,3.1146093390016176,0.1240048278842275,5.988232880910054,0.0956884515637731,True,folding_spec_dec_results,folding_spec_dec_results/PA/folding_spec_dec_results.csv
P0AG67,557,PU,1,1,19.49998527299977,0.3755535839863209,12.085096843000429,0.2873739580854625,1.6135563931615466,0.0654846723553469,True,folding_spec_dec_results,folding_spec_dec_results/PU/folding_spec_dec_results.csv
P0AG67,557,PU,4,1,19.49998527299977,0.3755535839863209,5.858639305999532,0.2247039800289348,3.3425637830181256,0.179363904490151,True,folding_spec_dec_results,folding_spec_dec_results/PU/folding_spec_dec_results.csv
P0AG67,557,PU,8,1,19.49998527299977,0.3755535839863209,4.022219942999072,0.1848651963727163,4.66110803702602,0.2684592819379993,True,folding_spec_dec_results,folding_spec_dec_results/PU/folding_spec_dec_results.csv
P0AG67,557,PU,12,1,19.49998527299977,0.3755535839863209,3.467520035999769,0.1089056877245694,5.647516195635845,0.0828165858614856,True,folding_spec_dec_results,folding_spec_dec_results/PU/folding_spec_dec_results.csv
Q13117,558,PA,1,1,18.874341474000175,0.1963674611491254,11.752985203000208,0.0437584133956594,1.6059189344662907,0.0225645408293243,True,folding_spec_dec_results,folding_spec_dec_results/PA/folding_spec_dec_results.csv
Q13117,558,PA,4,1,18.874341474000175,0.1963674611491254,4.9630052160009654,0.1953773923809628,3.803006576166472,0.1678436059310661,True,folding_spec_dec_results,folding_spec_dec_results/PA/folding_spec_dec_results.csv
Q13117,558,PA,8,1,18.874341474000175,0.1963674611491254,3.578066366000712,0.2684967449875862,5.248234381407078,0.3804386282928838,True,folding_spec_dec_results,folding_spec_dec_results/PA/folding_spec_dec_results.csv
Q13117,558,PA,12,1,18.874341474000175,0.1963674611491254,2.528814796000006,0.2772337537072648,7.463710471741534,0.6039587922696958,True,folding_spec_dec_results,folding_spec_dec_results/PA/folding_spec_dec_results.csv
Q13117,558,PU,1,1,19.142174982000142,0.4117254129328896,11.696645501000605,0.0610012504044619,1.6216018441047326,0.040128619311885,True,folding_spec_dec_results,folding_spec_dec_results/PU/folding_spec_dec_results.csv
Q13117,558,PU,4,1,19.142174982000142,0.4117254129328896,4.917665713001043,0.0179250914134319,3.9046200219776286,0.0722315206819154,True,folding_spec_dec_results,folding_spec_dec_results/PU/folding_spec_dec_results.csv
Q13117,558,PU,8,1,19.142174982000142,0.4117254129328896,3.606451802001174,0.4056447152689683,5.3077584376362354,0.680890451477432,True,folding_spec_dec_results,folding_spec_dec_results/PU/folding_spec_dec_results.csv
Q13117,558,PU,12,1,19.142174982000142,0.4117254129328896,2.90427295399968,0.2112382432853368,6.591038543962646,0.4242212329689628,True,folding_spec_dec_results,folding_spec_dec_results/PU/folding_spec_dec_results.csv
P02768,609,PA,1,1,20.994555111999944,0.3660359967420852,12.960020299000462,0.1187912988143248,1.6275848981582524,0.0397623799457858,True,folding_spec_dec_results,folding_spec_dec_results/PA/folding_spec_dec_results.csv
P02768,609,PA,4,1,20.994555111999944,0.3660359967420852,6.083093152999936,0.4361791282618341,3.451296007467233,0.2891546546768603,True,folding_spec_dec_results,folding_spec_dec_results/PA/folding_spec_dec_results.csv
P02768,609,PA,8,1,20.994555111999944,0.3660359967420852,4.0008357250007975,0.3780124392214615,5.144159802761278,0.349281495787258,True,folding_spec_dec_results,folding_spec_dec_results/PA/folding_spec_dec_results.csv
P02768,609,PA,12,1,20.994555111999944,0.3660359967420852,3.2795089579994965,0.2178479081574995,6.2756158246796705,0.4000484403994875,True,folding_spec_dec_results,folding_spec_dec_results/PA/folding_spec_dec_results.csv
P02768,609,PU,1,1,21.011714435000613,0.4193727131538248,13.14833987399834,0.1865252696487896,1.5790401043120914,0.0478611657598227,True,folding_spec_dec_results,folding_spec_dec_results/PU/folding_spec_dec_results.csv
P02768,609,PU,4,1,21.011714435000613,0.4193727131538248,6.119621666999592,0.3474764979493177,3.433498928260137,0.240129115225073,True,folding_spec_dec_results,folding_spec_dec_results/PU/folding_spec_dec_results.csv
P02768,609,PU,8,1,21.011714435000613,0.4193727131538248,4.258226392001234,0.3044612001713032,4.799980358177234,0.3020986425954213,True,folding_spec_dec_results,folding_spec_dec_results/PU/folding_spec_dec_results.csv
P02768,609,PU,12,1,21.011714435000613,0.4193727131538248,3.568497276999551,0.3261857438929167,5.700414796197783,0.3801199359047112,True,folding_spec_dec_results,folding_spec_dec_results/PU/folding_spec_dec_results.csv
A0A1B0GR13,642,PA,1,1,22.52632621000157,0.4418117283346197,13.452475275000324,0.086901381974508,1.669379999923738,0.0382142470446102,True,folding_spec_dec_results,folding_spec_dec_results/PA/folding_spec_dec_results.csv
A0A1B0GR13,642,PA,4,1,22.52632621000157,0.4418117283346197,5.8687360280018765,0.4096018713463998,3.846127611686803,0.3020880792486165,True,folding_spec_dec_results,folding_spec_dec_results/PA/folding_spec_dec_results.csv
A0A1B0GR13,642,PA,8,1,22.52632621000157,0.4418117283346197,3.891693868001312,0.1807733371666374,5.618734703618468,0.1978774923487654,True,folding_spec_dec_results,folding_spec_dec_results/PA/folding_spec_dec_results.csv
A0A1B0GR13,642,PA,12,1,22.52632621000157,0.4418117283346197,2.936760841999785,0.3307177014848507,7.409569110256925,0.6412336862477009,True,folding_spec_dec_results,folding_spec_dec_results/PA/folding_spec_dec_results.csv
A0A1B0GR13,642,PU,1,1,21.870627000997047,0.3567379039547802,13.620039262998034,0.0837296050745557,1.6226300416243593,0.0261559005383965,True,folding_spec_dec_results,folding_spec_dec_results/PU/folding_spec_dec_results.csv
A0A1B0GR13,642,PU,4,1,21.870627000997047,0.3567379039547802,6.608172848998947,0.3753288149302263,3.309633010630187,0.2408165186605506,True,folding_spec_dec_results,folding_spec_dec_results/PU/folding_spec_dec_results.csv
A0A1B0GR13,642,PU,8,1,21.870627000997047,0.3567379039547802,4.239854102997924,0.3232062494327752,5.158344242442852,0.2694713078804034,True,folding_spec_dec_results,folding_spec_dec_results/PU/folding_spec_dec_results.csv
A0A1B0GR13,642,PU,12,1,21.870627000997047,0.3567379039547802,3.5022464850007964,0.2967128499264556,6.232979334689072,0.5185290246836962,True,folding_spec_dec_results,folding_spec_dec_results/PU/folding_spec_dec_results.csv
P10591,642,PA,1,1,22.009951633001037,0.2587908005396173,13.793611103999863,0.1077584307338975,1.6206097629773262,0.0207622649817332,True,folding_spec_dec_results,folding_spec_dec_results/PA/folding_spec_dec_results.csv
P10591,642,PA,4,1,22.009951633001037,0.2587908005396173,6.398687875000178,0.4065011714364318,3.43976016067207,0.2430165625522485,True,folding_spec_dec_results,folding_spec_dec_results/PA/folding_spec_dec_results.csv
P10591,642,PA,8,1,22.009951633001037,0.2587908005396173,4.232757671001309,0.3028891726825055,5.163899874483093,0.2741938900194657,True,folding_spec_dec_results,folding_spec_dec_results/PA/folding_spec_dec_results.csv
P10591,642,PA,12,1,22.009951633001037,0.2587908005396173,3.4640651080007956,0.3176013963526876,6.309793876425023,0.5261584309896534,True,folding_spec_dec_results,folding_spec_dec_results/PA/folding_spec_dec_results.csv
P10591,642,PU,1,1,21.92602369800079,0.4424090895827369,13.686323527999775,0.0732433725268938,1.6113845404116869,0.0268523914663636,True,folding_spec_dec_results,folding_spec_dec_results/PU/folding_spec_dec_results.csv
P10591,642,PU,4,1,21.92602369800079,0.4424090895827369,6.3292996659984055,0.3457936405227677,3.4642100793219597,0.2489242003840549,True,folding_spec_dec_results,folding_spec_dec_results/PU/folding_spec_dec_results.csv
P10591,642,PU,8,1,21.92602369800079,0.4424090895827369,4.257376254998235,0.3233674016010392,5.150125895558151,0.2550067680338025,True,folding_spec_dec_results,folding_spec_dec_results/PU/folding_spec_dec_results.csv
P10591,642,PU,12,1,21.92602369800079,0.4424090895827369,3.464337240999157,0.3603222996526389,6.388961563044746,0.577287797628211,True,folding_spec_dec_results,folding_spec_dec_results/PU/folding_spec_dec_results.csv
P23246,707,PA,1,1,24.770690340999863,0.1103383895732034,15.139456908000284,0.0671735220593576,1.6363445195845487,0.0099295928927582,True,folding_spec_dec_results,folding_spec_dec_results/PA/folding_spec_dec_results.csv
P23246,707,PA,4,1,24.770690340999863,0.1103383895732034,7.428236212002957,0.020329240687863,3.3281063268643356,0.0089173114016016,True,folding_spec_dec_results,folding_spec_dec_results/PA/folding_spec_dec_results.csv
P23246,707,PA,8,1,24.770690340999863,0.1103383895732034,4.317297972000233,0.0176788282395499,5.724813119321611,0.0280033196232178,True,folding_spec_dec_results,folding_spec_dec_results/PA/folding_spec_dec_results.csv
P23246,707,PA,12,1,24.770690340999863,0.1103383895732034,3.3385943379980745,0.0396854583567866,7.443732147135988,0.1100325329896789,True,folding_spec_dec_results,folding_spec_dec_results/PA/folding_spec_dec_results.csv
P23246,707,PU,1,1,23.97718468099993,0.0939359378172508,15.160338720001164,0.1823978343539065,1.581573151091052,0.0131784782729594,True,folding_spec_dec_results,folding_spec_dec_results/PU/folding_spec_dec_results.csv
P23246,707,PU,4,1,23.97718468099993,0.0939359378172508,6.878763701002754,0.1168381052558508,3.4627425798228555,0.053783869850306,True,folding_spec_dec_results,folding_spec_dec_results/PU/folding_spec_dec_results.csv
P23246,707,PU,8,1,23.97718468099993,0.0939359378172508,4.262779824999598,0.0391787520379941,5.596040548564717,0.0490429294054895,True,folding_spec_dec_results,folding_spec_dec_results/PU/folding_spec_dec_results.csv
P23246,707,PU,12,1,23.97718468099993,0.0939359378172508,4.098264760999882,0.065267875048093,5.850569955648752,0.1157420379581635,True,folding_spec_dec_results,folding_spec_dec_results/PU/folding_spec_dec_results.csv
D4GQN5,717,PA,1,1,24.399246897999543,0.2066772858393242,18.75000631000148,0.2266441987020543,1.3012927299648265,0.004905350608632,True,folding_spec_dec_results,folding_spec_dec_results/PA/folding_spec_dec_results.csv
D4GQN5,717,PA,4,1,24.399246897999543,0.2066772858393242,12.84294921900073,0.0343687180433215,1.892283273005969,0.0160356610217302,True,folding_spec_dec_results,folding_spec_dec_results/PA/folding_spec_dec_results.csv
D4GQN5,717,PA,8,1,24.399246897999543,0.2066772858393242,11.812323158999789,0.1669458433273328,2.065575633986089,0.0451443046314971,True,folding_spec_dec_results,folding_spec_dec_results/PA/folding_spec_dec_results.csv
D4GQN5,717,PA,12,1,24.399246897999543,0.2066772858393242,11.45624858500014,0.0641904806897216,2.130709568113589,0.0277052751404885,True,folding_spec_dec_results,folding_spec_dec_results/PA/folding_spec_dec_results.csv
D4GQN5,717,PU,1,1,24.857585090998327,0.1854120073941756,20.402516819001903,0.3650095299863166,1.20284395492538,0.0239079506114886,True,folding_spec_dec_results,folding_spec_dec_results/PU/folding_spec_dec_results.csv
D4GQN5,717,PU,4,1,24.857585090998327,0.1854120073941756,17.372233229001722,0.2125994581219852,1.4166971298357391,0.0179409776722803,True,folding_spec_dec_results,folding_spec_dec_results/PU/folding_spec_dec_results.csv
D4GQN5,717,PU,8,1,24.857585090998327,0.1854120073941756,17.912456952002685,0.3230253612415657,1.393467559098995,0.03377535823332,True,folding_spec_dec_results,folding_spec_dec_results/PU/folding_spec_dec_results.csv
D4GQN5,717,PU,12,1,24.857585090998327,0.1854120073941756,18.13571424100155,0.5330796929103034,1.3531887244626406,0.0371054254905392,True,folding_spec_dec_results,folding_spec_dec_results/PU/folding_spec_dec_results.csv
P07901,733,PA,1,1,25.48898116499913,0.1962598022541402,15.402548136000403,0.019919963489935,1.653884544798723,0.0128284125942906,True,folding_spec_dec_results,folding_spec_dec_results/PA/folding_spec_dec_results.csv
P07901,733,PA,4,1,25.48898116499913,0.1962598022541402,7.590430823001952,0.2872291286300624,3.356253819098217,0.1537226700102435,True,folding_spec_dec_results,folding_spec_dec_results/PA/folding_spec_dec_results.csv
P07901,733,PA,8,1,25.48898116499913,0.1962598022541402,4.641350878999219,0.2002275199750776,5.421569447038667,0.1968443745852406,True,folding_spec_dec_results,folding_spec_dec_results/PA/folding_spec_dec_results.csv
P07901,733,PA,12,1,25.48898116499913,0.1962598022541402,3.6803505930001847,0.28129726863602,6.816102345714142,0.4494588339513216,True,folding_spec_dec_results,folding_spec_dec_results/PA/folding_spec_dec_results.csv
P07901,733,PU,1,1,25.429231666003034,0.206034675696891,15.734464342000138,0.2925145486912591,1.6161485458468754,0.0416363263325818,True,folding_spec_dec_results,folding_spec_dec_results/PU/folding_spec_dec_results.csv
P07901,733,PU,4,1,25.429231666003034,0.206034675696891,7.389924918999896,0.3270602542043115,3.398689804875449,0.1528542430177472,True,folding_spec_dec_results,folding_spec_dec_results/PU/folding_spec_dec_results.csv
P07901,733,PU,8,1,25.429231666003034,0.206034675696891,5.209904217001167,0.3177712414733204,4.820829987438202,0.2524962892206809,True,folding_spec_dec_results,folding_spec_dec_results/PU/folding_spec_dec_results.csv
P07901,733,PU,12,1,25.429231666003034,0.206034675696891,4.246566628000437,0.143181227369527,5.988186196898738,0.2558019723848227,True,folding_spec_dec_results,folding_spec_dec_results/PU/folding_spec_dec_results.csv
P18278,742,PA,1,1,25.51002229599908,0.1156030505022998,16.389170035999996,0.2516539345948951,1.5565170316717971,0.0313469358691953,True,folding_spec_dec_results,folding_spec_dec_results/PA/folding_spec_dec_results.csv
P18278,742,PA,4,1,25.51002229599908,0.1156030505022998,7.874889324000833,0.3538181507617594,3.239413437627683,0.1278780279485348,True,folding_spec_dec_results,folding_spec_dec_results/PA/folding_spec_dec_results.csv
P18278,742,PA,8,1,25.51002229599908,0.1156030505022998,6.30111148299693,0.3186762018235249,4.048495628880069,0.2338975417248204,True,folding_spec_dec_results,folding_spec_dec_results/PA/folding_spec_dec_results.csv
P18278,742,PA,12,1,25.51002229599908,0.1156030505022998,4.789151455999672,0.1352132533181267,5.299350608176127,0.1227885197942843,True,folding_spec_dec_results,folding_spec_dec_results/PA/folding_spec_dec_results.csv
P18278,742,PU,1,1,25.719185150999692,0.0704855577888151,16.35362837899811,0.2147685134045091,1.5717664838227026,0.0160036225449934,True,folding_spec_dec_results,folding_spec_dec_results/PU/folding_spec_dec_results.csv
P18278,742,PU,4,1,25.719185150999692,0.0704855577888151,9.25375620900013,0.2916142663318911,2.779323830250187,0.0996015765394252,True,folding_spec_dec_results,folding_spec_dec_results/PU/folding_spec_dec_results.csv
P18278,742,PU,8,1,25.719185150999692,0.0704855577888151,7.351236126000003,0.3296698059362422,3.4986204646638335,0.1471991869707129,True,folding_spec_dec_results,folding_spec_dec_results/PU/folding_spec_dec_results.csv
P18278,742,PU,12,1,25.719185150999692,0.0704855577888151,6.002218310000899,0.2940912585688747,4.305761553588007,0.1975657632810145,True,folding_spec_dec_results,folding_spec_dec_results/PU/folding_spec_dec_results.csv
P15056,766,PA,1,1,26.628325247002067,0.1854601880492369,15.843354100998113,0.1258858273655178,1.6807252477759438,0.0244359413754627,True,folding_spec_dec_results,folding_spec_dec_results/PA/folding_spec_dec_results.csv
P15056,766,PA,4,1,26.628325247002067,0.1854601880492369,7.320117301002028,0.3514574931570649,3.63769105767704,0.1511450317685104,True,folding_spec_dec_results,folding_spec_dec_results/PA/folding_spec_dec_results.csv
P15056,766,PA,8,1,26.628325247002067,0.1854601880492369,4.6296928449992265,0.3040092489282059,5.751639717473853,0.3755603557828082,True,folding_spec_dec_results,folding_spec_dec_results/PA/folding_spec_dec_results.csv
P15056,766,PA,12,1,26.628325247002067,0.1854601880492369,3.504746573999,0.2374525102909358,7.493905417541484,0.4244435686320966,True,folding_spec_dec_results,folding_spec_dec_results/PA/folding_spec_dec_results.csv
P15056,766,PU,1,1,26.650599839998904,0.0962211279111658,16.13825822599756,0.2013613481972615,1.6585911658595545,0.0185242091098623,True,folding_spec_dec_results,folding_spec_dec_results/PU/folding_spec_dec_results.csv
P15056,766,PU,4,1,26.650599839998904,0.0962211279111658,7.319430210001883,0.304271046832937,3.6569475707854258,0.1504272754932461,True,folding_spec_dec_results,folding_spec_dec_results/PU/folding_spec_dec_results.csv
P15056,766,PU,8,1,26.650599839998904,0.0962211279111658,4.806123425998521,0.198649701120066,5.5451342959345595,0.1994095328898896,True,folding_spec_dec_results,folding_spec_dec_results/PU/folding_spec_dec_results.csv
P15056,766,PU,12,1,26.650599839998904,0.0962211279111658,3.727768313001434,0.2136183507799856,7.117150401613353,0.3677539557437058,True,folding_spec_dec_results,folding_spec_dec_results/PU/folding_spec_dec_results.csv
P05067,770,PA,1,1,25.66289064599914,0.1828299885097522,15.701538872999665,0.2237744262483616,1.634418820573632,0.0331322798218607,True,folding_spec_dec_results,folding_spec_dec_results/PA/folding_spec_dec_results.csv
P05067,770,PA,4,1,25.66289064599914,0.1828299885097522,7.393653675000678,0.3824637326712587,3.5110439302522685,0.1704124556428235,True,folding_spec_dec_results,folding_spec_dec_results/PA/folding_spec_dec_results.csv
P05067,770,PA,8,1,25.66289064599914,0.1828299885097522,4.855925939002191,0.3552631389386194,5.345930556620624,0.3693787351270038,True,folding_spec_dec_results,folding_spec_dec_results/PA/folding_spec_dec_results.csv
P05067,770,PA,12,1,25.66289064599914,0.1828299885097522,3.7731998249983008,0.2069210280771834,6.765647679774902,0.3469916994110367,True,folding_spec_dec_results,folding_spec_dec_results/PA/folding_spec_dec_results.csv
P05067,770,PU,1,1,26.097094714998093,0.8431546595973292,16.37392503999945,0.1693498747101148,1.6001063827820692,0.0347046134641866,True,folding_spec_dec_results,folding_spec_dec_results/PU/folding_spec_dec_results.csv
P05067,770,PU,4,1,26.097094714998093,0.8431546595973292,8.379478630002268,0.3894662453520147,3.114405545657562,0.2444258716797388,True,folding_spec_dec_results,folding_spec_dec_results/PU/folding_spec_dec_results.csv
P05067,770,PU,8,1,26.097094714998093,0.8431546595973292,6.2213326250021055,0.3251880417297341,4.214101928207784,0.1298972429507118,True,folding_spec_dec_results,folding_spec_dec_results/PU/folding_spec_dec_results.csv
P05067,770,PU,12,1,26.097094714998093,0.8431546595973292,5.376587205002579,0.3862240064049198,4.853840125705833,0.5295399425386409,True,folding_spec_dec_results,folding_spec_dec_results/PU/folding_spec_dec_results.csv
O81472,773,PA,1,1,26.770067440000275,0.2043269810115656,16.154935036000097,0.0691269387506476,1.6484520001575893,0.0088075992842852,True,folding_spec_dec_results,folding_spec_dec_results/PA/folding_spec_dec_results.csv
O81472,773,PA,4,1,26.770067440000275,0.2043269810115656,8.057203893000406,0.4452500193746189,3.322500931527429,0.1778954996726947,True,folding_spec_dec_results,folding_spec_dec_results/PA/folding_spec_dec_results.csv
O81472,773,PA,8,1,26.770067440000275,0.2043269810115656,4.810703459999786,0.3857189414003086,5.56468875344095,0.4180607288304037,True,folding_spec_dec_results,folding_spec_dec_results/PA/folding_spec_dec_results.csv
O81472,773,PA,12,1,26.770067440000275,0.2043269810115656,4.006619593001233,0.2740465729509433,6.700853323059381,0.4095985074170756,True,folding_spec_dec_results,folding_spec_dec_results/PA/folding_spec_dec_results.csv
O81472,773,PU,1,1,26.630307331997756,0.0652075287410538,16.51881293900078,0.1028149045117593,1.611381919472205,0.0136761718889438,True,folding_spec_dec_results,folding_spec_dec_results/PU/folding_spec_dec_results.csv
O81472,773,PU,4,1,26.630307331997756,0.0652075287410538,7.923757840002509,0.1694846893125154,3.350378760942708,0.0704059044771873,True,folding_spec_dec_results,folding_spec_dec_results/PU/folding_spec_dec_results.csv
O81472,773,PU,8,1,26.630307331997756,0.0652075287410538,5.367341396999109,0.0777514232629504,4.946134037391489,0.0715878314248187,True,folding_spec_dec_results,folding_spec_dec_results/PU/folding_spec_dec_results.csv
O81472,773,PU,12,1,26.630307331997756,0.0652075287410538,4.539096512999095,0.2461590748611212,5.848650694685718,0.336954508349923,True,folding_spec_dec_results,folding_spec_dec_results/PU/folding_spec_dec_results.csv
P04150,777,PA,1,1,26.922208924999723,0.0896093336902315,16.184502412001166,0.1746177653382296,1.6634560791338453,0.0229841292950892,True,folding_spec_dec_results,folding_spec_dec_results/PA/folding_spec_dec_results.csv
P04150,777,PA,4,1,26.922208924999723,0.0896093336902315,7.661889047998557,0.3475283722268441,3.5137821438477186,0.1511724415267176,True,folding_spec_dec_results,folding_spec_dec_results/PA/folding_spec_dec_results.csv
P04150,777,PA,8,1,26.922208924999723,0.0896093336902315,4.829262317998655,0.158396392416675,5.5851217274893,0.1892901488735823,True,folding_spec_dec_results,folding_spec_dec_results/PA/folding_spec_dec_results.csv
P04150,777,PA,12,1,26.922208924999723,0.0896093336902315,3.6497200379999417,0.1336824367042143,7.390160784710595,0.274272693693521,True,folding_spec_dec_results,folding_spec_dec_results/PA/folding_spec_dec_results.csv
P04150,777,PU,1,1,26.83152023799994,0.0496849110131129,16.13382062399978,0.0246990333711541,1.6633748675469302,0.0011470641330493,True,folding_spec_dec_results,folding_spec_dec_results/PU/folding_spec_dec_results.csv
P04150,777,PU,4,1,26.83152023799994,0.0496849110131129,8.02067976699982,0.4443904266219326,3.350180820652863,0.20951491802132,True,folding_spec_dec_results,folding_spec_dec_results/PU/folding_spec_dec_results.csv
P04150,777,PU,8,1,26.83152023799994,0.0496849110131129,4.869656931998179,0.4025872851987012,5.5179919035847425,0.3899610014264614,True,folding_spec_dec_results,folding_spec_dec_results/PU/folding_spec_dec_results.csv
P04150,777,PU,12,1,26.83152023799994,0.0496849110131129,3.838964954000403,0.2391476079071922,6.999471952980597,0.4276521412832555,True,folding_spec_dec_results,folding_spec_dec_results/PU/folding_spec_dec_results.csv
P31554,784,PA,1,1,24.70469220599989,0.2963787674719301,15.631777885999329,0.2046038634224162,1.5804147414432468,0.0386495159583725,True,folding_spec_dec_results,folding_spec_dec_results/PA/folding_spec_dec_results.csv
P31554,784,PA,4,1,24.70469220599989,0.2963787674719301,7.664479154998844,0.3729446346597139,3.143249338382691,0.1376505920705194,True,folding_spec_dec_results,folding_spec_dec_results/PA/folding_spec_dec_results.csv
P31554,784,PA,8,1,24.70469220599989,0.2963787674719301,5.845234498003265,0.2330509806700309,4.121540212155333,0.1833315713152312,True,folding_spec_dec_results,folding_spec_dec_results/PA/folding_spec_dec_results.csv
P31554,784,PA,12,1,24.70469220599989,0.2963787674719301,4.89820590599993,0.391704690270479,4.918406758582352,0.3724682331139656,True,folding_spec_dec_results,folding_spec_dec_results/PA/folding_spec_dec_results.csv
P31554,784,PU,1,1,24.439359986001364,0.2303853583640277,15.71798040700014,0.1112163705008444,1.5548664238770191,0.0253222134921409,True,folding_spec_dec_results,folding_spec_dec_results/PU/folding_spec_dec_results.csv
P31554,784,PU,4,1,24.439359986001364,0.2303853583640277,7.468607483002415,0.4367075883611948,3.264096096529994,0.1463129926741555,True,folding_spec_dec_results,folding_spec_dec_results/PU/folding_spec_dec_results.csv
P31554,784,PU,8,1,24.439359986001364,0.2303853583640277,6.125943364997511,0.3380023025277156,3.9448737546416024,0.2485865852540881,True,folding_spec_dec_results,folding_spec_dec_results/PU/folding_spec_dec_results.csv
P31554,784,PU,12,1,24.439359986001364,0.2303853583640277,4.743467844000406,0.395301693165748,5.152213694652226,0.3309388888449407,True,folding_spec_dec_results,folding_spec_dec_results/PU/folding_spec_dec_results.csv
P56201,797,PA,1,1,27.71498010600044,0.0375108404197416,18.134973473999707,0.0670097662313394,1.5282614085835682,0.0075356271813425,True,folding_spec_dec_results,folding_spec_dec_results/PA/folding_spec_dec_results.csv
P56201,797,PA,4,1,27.71498010600044,0.0375108404197416,8.422224838002876,0.0694142999983491,3.28683815765978,0.0272381582354967,True,folding_spec_dec_results,folding_spec_dec_results/PA/folding_spec_dec_results.csv
P56201,797,PA,8,1,27.71498010600044,0.0375108404197416,7.081329494998499,0.1369418152833759,3.920984875172305,0.0783049591425463,True,folding_spec_dec_results,folding_spec_dec_results/PA/folding_spec_dec_results.csv
P56201,797,PA,12,1,27.71498010600044,0.0375108404197416,5.229747805999068,0.0168424798050534,5.292966233754125,0.0153388641855697,True,folding_spec_dec_results,folding_spec_dec_results/PA/folding_spec_dec_results.csv
P56201,797,PU,1,1,27.584819327999867,0.1006993008585702,18.20465057299953,0.2178762551766049,1.5100554713077383,0.013862716342903,True,folding_spec_dec_results,folding_spec_dec_results/PU/folding_spec_dec_results.csv
P56201,797,PU,4,1,27.584819327999867,0.1006993008585702,10.468905663998155,0.3598696005441286,2.625874478508275,0.1053681001706443,True,folding_spec_dec_results,folding_spec_dec_results/PU/folding_spec_dec_results.csv
P56201,797,PU,8,1,27.584819327999867,0.1006993008585702,8.441264960998524,0.3220748938777313,3.2678537465001973,0.1126273734761957,True,folding_spec_dec_results,folding_spec_dec_results/PU/folding_spec_dec_results.csv
P56201,797,PU,12,1,27.584819327999867,0.1006993008585702,7.344519969999965,0.3879792330326282,3.776235787946583,0.1972012985845355,True,folding_spec_dec_results,folding_spec_dec_results/PU/folding_spec_dec_results.csv
P21802,821,PA,1,1,28.225406563000433,0.0501371777114214,17.64444388300035,0.2369062705731877,1.5992609457182787,0.0233579312535757,True,folding_spec_dec_results,folding_spec_dec_results/PA/folding_spec_dec_results.csv
P21802,821,PA,4,1,28.225406563000433,0.0501371777114214,8.533103267000115,0.3933603142893241,3.306894236253693,0.1448862608903079,True,folding_spec_dec_results,folding_spec_dec_results/PA/folding_spec_dec_results.csv
P21802,821,PA,8,1,28.225406563000433,0.0501371777114214,5.961284012999386,0.2560941379497456,4.733555715424214,0.2081019266319878,True,folding_spec_dec_results,folding_spec_dec_results/PA/folding_spec_dec_results.csv
P21802,821,PA,12,1,28.225406563000433,0.0501371777114214,4.6779129380011,0.2784260007989131,6.0321922158427315,0.3308210425853747,True,folding_spec_dec_results,folding_spec_dec_results/PA/folding_spec_dec_results.csv
P21802,821,PU,1,1,28.46433086099933,0.111280276189094,18.406016087999888,0.0622331804353843,1.5464688678370289,0.0112305261524353,True,folding_spec_dec_results,folding_spec_dec_results/PU/folding_spec_dec_results.csv
P21802,821,PU,4,1,28.46433086099933,0.111280276189094,8.275800561001233,0.0640597720410416,3.4187468268433228,0.0182650140192528,True,folding_spec_dec_results,folding_spec_dec_results/PU/folding_spec_dec_results.csv
P21802,821,PU,8,1,28.46433086099933,0.111280276189094,6.605160442002671,0.0928715370342846,4.309407941099005,0.0772368754603404,True,folding_spec_dec_results,folding_spec_dec_results/PU/folding_spec_dec_results.csv
P21802,821,PU,12,1,28.46433086099933,0.111280276189094,4.643167566002376,0.0316739406514897,6.149099967456793,0.0610674981037319,True,folding_spec_dec_results,folding_spec_dec_results/PU/folding_spec_dec_results.csv
F4IP69,838,PA,1,1,28.916211477000616,0.1505160497630706,17.952715275998344,0.0439000763565928,1.6068411473983428,0.0109725117296456,True,folding_spec_dec_results,folding_spec_dec_results/PA/folding_spec_dec_results.csv
F4IP69,838,PA,4,1,28.916211477000616,0.1505160497630706,9.169168625998282,0.0302029144292263,3.1461043841213288,0.0223127419603969,True,folding_spec_dec_results,folding_spec_dec_results/PA/folding_spec_dec_results.csv
F4IP69,838,PA,8,1,28.916211477000616,0.1505160497630706,5.902717845998268,0.0146983764904008,4.890834452377332,0.0304354299551418,True,folding_spec_dec_results,folding_spec_dec_results/PA/folding_spec_dec_results.csv
F4IP69,838,PA,12,1,28.916211477000616,0.1505160497630706,5.624631991999195,0.1069508995407232,5.128719826298827,0.0811679191560953,True,folding_spec_dec_results,folding_spec_dec_results/PA/folding_spec_dec_results.csv
F4IP69,838,PU,1,1,28.826079293001385,0.0377041856753118,18.633011480997084,0.2951965211503459,1.547043499779932,0.022231951312279,True,folding_spec_dec_results,folding_spec_dec_results/PU/folding_spec_dec_results.csv
F4IP69,838,PU,4,1,28.826079293001385,0.0377041856753118,10.690906714000448,0.1284643709358498,2.6963175401438804,0.0353308344607188,True,folding_spec_dec_results,folding_spec_dec_results/PU/folding_spec_dec_results.csv
F4IP69,838,PU,8,1,28.826079293001385,0.0377041856753118,8.692811855002219,0.354000956330932,3.31291865191234,0.1487062093094839,True,folding_spec_dec_results,folding_spec_dec_results/PU/folding_spec_dec_results.csv
F4IP69,838,PU,12,1,28.826079293001385,0.0377041856753118,7.061646545997064,0.4425997690460138,4.078167654585629,0.2214840071706756,True,folding_spec_dec_results,folding_spec_dec_results/PU/folding_spec_dec_results.csv
P28366,841,PA,1,1,29.076827824999786,0.0638919809708534,17.88668044700171,0.2466918058270492,1.6218847478131997,0.0201612800639221,True,folding_spec_dec_results,folding_spec_dec_results/PA/folding_spec_dec_results.csv
P28366,841,PA,4,1,29.076827824999786,0.0638919809708534,8.340232143000321,0.310788202772262,3.4783365389113174,0.1300501631792891,True,folding_spec_dec_results,folding_spec_dec_results/PA/folding_spec_dec_results.csv
P28366,841,PA,8,1,29.076827824999786,0.0638919809708534,5.882794786000886,0.1409324976474687,4.931352403288862,0.1079885345218436,True,folding_spec_dec_results,folding_spec_dec_results/PA/folding_spec_dec_results.csv
P28366,841,PA,12,1,29.076827824999786,0.0638919809708534,4.5260887120020925,0.1652015121704431,6.4095372521251734,0.2472176128353811,True,folding_spec_dec_results,folding_spec_dec_results/PA/folding_spec_dec_results.csv
P28366,841,PU,1,1,28.92589885200141,0.0717948944368986,17.819887301000563,0.1720489703701942,1.6232369129729154,0.0184889697252751,True,folding_spec_dec_results,folding_spec_dec_results/PU/folding_spec_dec_results.csv
P28366,841,PU,4,1,28.92589885200141,0.0717948944368986,8.73466729899883,0.19228096261443,3.3116199921337484,0.0683928721323161,True,folding_spec_dec_results,folding_spec_dec_results/PU/folding_spec_dec_results.csv
P28366,841,PU,8,1,28.92589885200141,0.0717948944368986,5.821170581999468,0.1471830387333685,4.96908627646948,0.1328829555391315,True,folding_spec_dec_results,folding_spec_dec_results/PU/folding_spec_dec_results.csv
P28366,841,PU,12,1,28.92589885200141,0.0717948944368986,4.7071262979989115,0.1798491480480944,6.145129112915105,0.2312678192254826,True,folding_spec_dec_results,folding_spec_dec_results/PU/folding_spec_dec_results.csv
B0R8E4,852,PA,1,1,29.27168540600178,0.0539728355487627,17.511651515000267,0.2018612850083508,1.6751062610526957,0.0190736395989688,True,folding_spec_dec_results,folding_spec_dec_results/PA/folding_spec_dec_results.csv
B0R8E4,852,PA,4,1,29.27168540600178,0.0539728355487627,8.520630104998418,0.2774975492209535,3.444682318362798,0.1194628528833503,True,folding_spec_dec_results,folding_spec_dec_results/PA/folding_spec_dec_results.csv
B0R8E4,852,PA,8,1,29.27168540600178,0.0539728355487627,5.147922962001758,0.1019909013784657,5.678998845798031,0.1097834848917293,True,folding_spec_dec_results,folding_spec_dec_results/PA/folding_spec_dec_results.csv
B0R8E4,852,PA,12,1,29.27168540600178,0.0539728355487627,4.37689313699957,0.186318354579046,6.6758736572744635,0.2835388487685347,True,folding_spec_dec_results,folding_spec_dec_results/PA/folding_spec_dec_results.csv
B0R8E4,852,PU,1,1,29.18972700499944,0.2747696206567523,17.79222365199894,0.2185280742800078,1.6490547971794145,0.0311286634090861,True,folding_spec_dec_results,folding_spec_dec_results/PU/folding_spec_dec_results.csv
B0R8E4,852,PU,4,1,29.18972700499944,0.2747696206567523,7.962670700002491,0.1170535414988284,3.644530740169029,0.0845836996248746,True,folding_spec_dec_results,folding_spec_dec_results/PU/folding_spec_dec_results.csv
B0R8E4,852,PU,8,1,29.18972700499944,0.2747696206567523,5.79745245900267,0.2072471734515984,5.117600172456062,0.1901174950507353,True,folding_spec_dec_results,folding_spec_dec_results/PU/folding_spec_dec_results.csv
B0R8E4,852,PU,12,1,29.18972700499944,0.2747696206567523,3.9251207209999848,0.1144406484186454,7.418692965477628,0.2304359808171553,True,folding_spec_dec_results,folding_spec_dec_results/PU/folding_spec_dec_results.csv
A0A0K1IRS6,855,PA,1,1,29.367844499000057,0.2133623317496959,18.491439235000144,0.1240196686756839,1.5808306617728871,0.0189725607534011,True,folding_spec_dec_results,folding_spec_dec_results/PA/folding_spec_dec_results.csv
A0A0K1IRS6,855,PA,4,1,29.367844499000057,0.2133623317496959,9.5620388440002,0.297291078552919,3.057071258536063,0.073696160075056,True,folding_spec_dec_results,folding_spec_dec_results/PA/folding_spec_dec_results.csv
A0A0K1IRS6,855,PA,8,1,29.367844499000057,0.2133623317496959,7.0754958750003425,0.2683445683924393,4.150641173117585,0.1832928836103588,True,folding_spec_dec_results,folding_spec_dec_results/PA/folding_spec_dec_results.csv
A0A0K1IRS6,855,PA,12,1,29.367844499000057,0.2133623317496959,6.004456440998183,0.2725352747152245,4.891008001736446,0.1721659527108845,True,folding_spec_dec_results,folding_spec_dec_results/PA/folding_spec_dec_results.csv
A0A0K1IRS6,855,PU,1,1,29.514877424000588,0.2016971631413358,28.455755124999996,0.1406774734453927,1.0435132557556708,0.0070913149376217,True,folding_spec_dec_results,folding_spec_dec_results/PU/folding_spec_dec_results.csv
A0A0K1IRS6,855,PU,4,1,29.514877424000588,0.2016971631413358,29.308506395998847,0.1714960393135267,1.0070413355499384,0.0128936612879623,True,folding_spec_dec_results,folding_spec_dec_results/PU/folding_spec_dec_results.csv
A0A0K1IRS6,855,PU,8,1,29.514877424000588,0.2016971631413358,31.51753545899919,0.4801182241745995,0.9364589265679152,0.0189365664943304,True,folding_spec_dec_results,folding_spec_dec_results/PU/folding_spec_dec_results.csv
A0A0K1IRS6,855,PU,12,1,29.514877424000588,0.2016971631413358,32.17453703999854,0.1815833483988966,0.925682014908356,0.005008124868198,True,folding_spec_dec_results,folding_spec_dec_results/PU/folding_spec_dec_results.csv
P0A9Q7,891,PA,1,1,30.433536090000416,0.2827943086139068,19.155649383999844,0.3101570058499583,1.5867791519712562,0.0389789398925776,True,folding_spec_dec_results,folding_spec_dec_results/PA/folding_spec_dec_results.csv
P0A9Q7,891,PA,4,1,30.433536090000416,0.2827943086139068,9.661787459001062,0.4716470911559212,3.209930513645073,0.1605508312842726,True,folding_spec_dec_results,folding_spec_dec_results/PA/folding_spec_dec_results.csv
P0A9Q7,891,PA,8,1,30.433536090000416,0.2827943086139068,6.402163049999217,0.2093207920361855,4.747736795770252,0.1843015060970388,True,folding_spec_dec_results,folding_spec_dec_results/PA/folding_spec_dec_results.csv
P0A9Q7,891,PA,12,1,30.433536090000416,0.2827943086139068,5.002939268000773,0.3167729897605626,6.075585462213389,0.3046303900898806,True,folding_spec_dec_results,folding_spec_dec_results/PA/folding_spec_dec_results.csv
P0A9Q7,891,PU,1,1,30.499503150000237,0.3193425653838704,19.300356321000436,0.2089659779971121,1.5762871084352996,0.0316546290166594,True,folding_spec_dec_results,folding_spec_dec_results/PU/folding_spec_dec_results.csv
P0A9Q7,891,PU,4,1,30.499503150000237,0.3193425653838704,9.470323851001012,0.209625152513912,3.220534337564015,0.0365744553947638,True,folding_spec_dec_results,folding_spec_dec_results/PU/folding_spec_dec_results.csv
P0A9Q7,891,PU,8,1,30.499503150000237,0.3193425653838704,6.650609435000661,0.2555131925227962,4.609372926432467,0.1933349953124609,True,folding_spec_dec_results,folding_spec_dec_results/PU/folding_spec_dec_results.csv
P0A9Q7,891,PU,12,1,30.499503150000237,0.3193425653838704,5.364580600999034,0.321245799431066,5.68534717221331,0.2675828825105592,True,folding_spec_dec_results,folding_spec_dec_results/PU/folding_spec_dec_results.csv
P10408,901,PA,1,1,30.773446717001207,0.4246843590698668,19.0739943640001,0.3553902232257545,1.6119779566481496,0.0442037446871955,True,folding_spec_dec_results,folding_spec_dec_results/PA/folding_spec_dec_results.csv
P10408,901,PA,4,1,30.773446717001207,0.4246843590698668,9.808196950998536,0.3238692149548079,3.227988793880873,0.0996718536160456,True,folding_spec_dec_results,folding_spec_dec_results/PA/folding_spec_dec_results.csv
P10408,901,PA,8,1,30.773446717001207,0.4246843590698668,6.928359636000096,0.1508795147193313,4.437826567234908,0.1638122338957133,True,folding_spec_dec_results,folding_spec_dec_results/PA/folding_spec_dec_results.csv
P10408,901,PA,12,1,30.773446717001207,0.4246843590698668,5.127370820999204,0.3319063883811507,6.00179854185077,0.2704959717157364,True,folding_spec_dec_results,folding_spec_dec_results/PA/folding_spec_dec_results.csv
P10408,901,PU,1,1,30.873021128998516,0.126596427887864,19.748643681999965,0.2040516607843493,1.5632983017025084,0.0213450792108595,True,folding_spec_dec_results,folding_spec_dec_results/PU/folding_spec_dec_results.csv
P10408,901,PU,4,1,30.873021128998516,0.126596427887864,9.906193949002043,0.2168242699964129,3.1165371168720837,0.0533253746280167,True,folding_spec_dec_results,folding_spec_dec_results/PU/folding_spec_dec_results.csv
P10408,901,PU,8,1,30.873021128998516,0.126596427887864,7.1246207379990665,0.2391847718912195,4.328711768124505,0.1194059972030885,True,folding_spec_dec_results,folding_spec_dec_results/PU/folding_spec_dec_results.csv
P10408,901,PU,12,1,30.873021128998516,0.126596427887864,6.084550493000279,0.2733026262900151,5.068645525660368,0.2557171938379446,True,folding_spec_dec_results,folding_spec_dec_results/PU/folding_spec_dec_results.csv
P19367,917,PA,1,1,31.504171070002485,0.4147713529539117,19.746743051997328,0.1884653940826831,1.582785476658066,0.0349240750585553,True,folding_spec_dec_results,folding_spec_dec_results/PA/folding_spec_dec_results.csv
P19367,917,PA,4,1,31.504171070002485,0.4147713529539117,9.176190752004914,0.2609223833343597,3.411828749397795,0.0512189816769517,True,folding_spec_dec_results,folding_spec_dec_results/PA/folding_spec_dec_results.csv
P19367,917,PA,8,1,31.504171070002485,0.4147713529539117,6.139217646999896,0.2651762561249074,5.167138193542443,0.2518797979495509,True,folding_spec_dec_results,folding_spec_dec_results/PA/folding_spec_dec_results.csv
P19367,917,PA,12,1,31.504171070002485,0.4147713529539117,4.657158848000108,0.3877508179369074,6.711142809187517,0.404601679141831,True,folding_spec_dec_results,folding_spec_dec_results/PA/folding_spec_dec_results.csv
P19367,917,PU,1,1,32.250574485999095,0.4555690454204695,19.42798687100003,0.2730627841441133,1.6600059851872362,0.0456942614034951,True,folding_spec_dec_results,folding_spec_dec_results/PU/folding_spec_dec_results.csv
P19367,917,PU,4,1,32.250574485999095,0.4555690454204695,9.754724632999569,0.3370750020463566,3.322538374928361,0.0744095003783317,True,folding_spec_dec_results,folding_spec_dec_results/PU/folding_spec_dec_results.csv
P19367,917,PU,8,1,32.250574485999095,0.4555690454204695,6.410662170997966,0.2872194570580729,5.030771178662587,0.2746728803456318,True,folding_spec_dec_results,folding_spec_dec_results/PU/folding_spec_dec_results.csv
P19367,917,PU,12,1,32.250574485999095,0.4555690454204695,5.238552249997156,0.302169248723403,6.156390725322365,0.2764587349171491,True,folding_spec_dec_results,folding_spec_dec_results/PU/folding_spec_dec_results.csv
P10275,920,PA,1,1,31.53735633299948,0.3788577613468865,19.581774767000752,0.3062946342658035,1.6105463732606249,0.0446728164719451,True,folding_spec_dec_results,folding_spec_dec_results/PA/folding_spec_dec_results.csv
P10275,920,PA,4,1,31.53735633299948,0.3788577613468865,8.949129900996923,0.3626099377667122,3.5117286203996323,0.1075047501020235,True,folding_spec_dec_results,folding_spec_dec_results/PA/folding_spec_dec_results.csv
P10275,920,PA,8,1,31.53735633299948,0.3788577613468865,5.9483300110005075,0.2760668257854314,5.283317425712065,0.274146815281042,True,folding_spec_dec_results,folding_spec_dec_results/PA/folding_spec_dec_results.csv
P10275,920,PA,12,1,31.53735633299948,0.3788577613468865,4.359893280998222,0.402663848498509,7.211962889885732,0.4858253365654734,True,folding_spec_dec_results,folding_spec_dec_results/PA/folding_spec_dec_results.csv
P10275,920,PU,1,1,31.507696549000684,0.4246436688934336,19.331150001002243,0.3265390139232457,1.6298925075521702,0.0473962973458882,True,folding_spec_dec_results,folding_spec_dec_results/PU/folding_spec_dec_results.csv
P10275,920,PU,4,1,31.507696549000684,0.4246436688934336,8.910411470002146,0.2244895301973444,3.5360540481295075,0.0413123315019942,True,folding_spec_dec_results,folding_spec_dec_results/PU/folding_spec_dec_results.csv
P10275,920,PU,8,1,31.507696549000684,0.4246436688934336,6.146409598004539,0.2149933551135888,5.110316922288606,0.2549674086661003,True,folding_spec_dec_results,folding_spec_dec_results/PU/folding_spec_dec_results.csv
P10275,920,PU,12,1,31.507696549000684,0.4246436688934336,4.336666889001208,0.3027129533817937,7.242912998382004,0.3563408335779805,True,folding_spec_dec_results,folding_spec_dec_results/PU/folding_spec_dec_results.csv
Q18H12,931,PA,1,1,32.03828006500407,0.393015757430734,21.55455388900009,0.3428263096946672,1.483440234516591,0.0412800230728526,True,folding_spec_dec_results,folding_spec_dec_results/PA/folding_spec_dec_results.csv
Q18H12,931,PA,4,1,32.03828006500407,0.393015757430734,12.124400560998764,0.1107943645456531,2.69364358062209,0.0315970995291603,True,folding_spec_dec_results,folding_spec_dec_results/PA/folding_spec_dec_results.csv
Q18H12,931,PA,8,1,32.03828006500407,0.393015757430734,9.672198224005117,0.2681554971679304,3.3058557874301355,0.0629240092144627,True,folding_spec_dec_results,folding_spec_dec_results/PA/folding_spec_dec_results.csv
Q18H12,931,PA,12,1,32.03828006500407,0.393015757430734,8.82711767899309,0.2666308683719907,3.720182572749197,0.1024955585670686,True,folding_spec_dec_results,folding_spec_dec_results/PA/folding_spec_dec_results.csv
Q18H12,931,PU,1,1,31.897782889995145,0.2488257072570995,22.426210129997344,0.3626491655328033,1.4223438871344831,0.0346974515010825,True,folding_spec_dec_results,folding_spec_dec_results/PU/folding_spec_dec_results.csv
Q18H12,931,PU,4,1,31.897782889995145,0.2488257072570995,13.696283504003077,0.1022448177012744,2.3455812387817203,0.0082012059105969,True,folding_spec_dec_results,folding_spec_dec_results/PU/folding_spec_dec_results.csv
Q18H12,931,PU,8,1,31.897782889995145,0.2488257072570995,12.074308144998213,0.1380239840780397,2.634953348218925,0.0103865431268722,True,folding_spec_dec_results,folding_spec_dec_results/PU/folding_spec_dec_results.csv
Q18H12,931,PU,12,1,31.897782889995145,0.2488257072570995,11.051989268999025,0.2601146151290361,2.902165079670003,0.0540949505241635,True,folding_spec_dec_results,folding_spec_dec_results/PU/folding_spec_dec_results.csv
P43261,934,PA,1,1,28.74612020600034,0.02600998475381,18.39008025300427,0.0452825054316823,1.5647740794008864,0.0046429781682242,True,folding_spec_dec_results,folding_spec_dec_results/PA/folding_spec_dec_results.csv
P43261,934,PA,4,1,28.74612020600034,0.02600998475381,8.234087921002356,0.0046590218641679,3.4882986125777937,0.0043253538215286,True,folding_spec_dec_results,folding_spec_dec_results/PA/folding_spec_dec_results.csv
P43261,934,PA,8,1,28.74612020600034,0.02600998475381,6.69280234699545,0.0494097626646229,4.290077070315768,0.0349819670137368,True,folding_spec_dec_results,folding_spec_dec_results/PA/folding_spec_dec_results.csv
P43261,934,PA,12,1,28.74612020600034,0.02600998475381,4.765906757005723,0.0132731966820275,6.031616158613366,0.0216486893434575,True,folding_spec_dec_results,folding_spec_dec_results/PA/folding_spec_dec_results.csv
P43261,934,PU,1,1,28.800325317002716,0.1877389088651903,18.41821302199969,0.2559534964936972,1.5830721635793297,0.0187136618532332,True,folding_spec_dec_results,folding_spec_dec_results/PU/folding_spec_dec_results.csv
P43261,934,PU,4,1,28.800325317002716,0.1877389088651903,9.192342759000894,0.2428136428343896,3.171918313147313,0.08971212597784,True,folding_spec_dec_results,folding_spec_dec_results/PU/folding_spec_dec_results.csv
P43261,934,PU,8,1,28.800325317002716,0.1877389088651903,7.122521841003618,0.1726204436532591,4.033380788054329,0.1106170309120065,True,folding_spec_dec_results,folding_spec_dec_results/PU/folding_spec_dec_results.csv
P43261,934,PU,12,1,28.800325317002716,0.1877389088651903,5.7718819880028605,0.0852310474822545,4.98976336953278,0.0475426029044993,True,folding_spec_dec_results,folding_spec_dec_results/PU/folding_spec_dec_results.csv
P62944,937,PA,1,1,32.12252411300142,0.333366512351718,20.563638102998084,0.3391611189020604,1.5606735412416914,0.0432512350045752,True,folding_spec_dec_results,folding_spec_dec_results/PA/folding_spec_dec_results.csv
P62944,937,PA,4,1,32.12252411300142,0.333366512351718,9.190777558003902,0.405958268210597,3.481541486131987,0.1126552378019278,True,folding_spec_dec_results,folding_spec_dec_results/PA/folding_spec_dec_results.csv
P62944,937,PA,8,1,32.12252411300142,0.333366512351718,6.727345815001172,0.2576385151760128,4.756418688429776,0.2437966902590324,True,folding_spec_dec_results,folding_spec_dec_results/PA/folding_spec_dec_results.csv
P62944,937,PA,12,1,32.12252411300142,0.333366512351718,4.72137546200247,0.2698919353800016,6.777277853778256,0.2861332809964544,True,folding_spec_dec_results,folding_spec_dec_results/PA/folding_spec_dec_results.csv
P62944,937,PU,1,1,32.10351323099894,0.1766219039791284,20.10887616599939,0.1618761795138135,1.5964847048628403,0.0215535333013703,True,folding_spec_dec_results,folding_spec_dec_results/PU/folding_spec_dec_results.csv
P62944,937,PU,4,1,32.10351323099894,0.1766219039791284,9.751416220002284,0.1876214594328648,3.316865364883201,0.0518727250022524,True,folding_spec_dec_results,folding_spec_dec_results/PU/folding_spec_dec_results.csv
P62944,937,PU,8,1,32.10351323099894,0.1766219039791284,6.295592200003739,0.2693557607352216,5.099363524686347,0.2245231358087579,True,folding_spec_dec_results,folding_spec_dec_results/PU/folding_spec_dec_results.csv
P62944,937,PU,12,1,32.10351323099894,0.1766219039791284,5.261576311997487,0.2330946710802937,6.1491328597153165,0.2696354661415773,True,folding_spec_dec_results,folding_spec_dec_results/PU/folding_spec_dec_results.csv
